id	name	description	platform	niche
PersonalBlog	Personal Blog	Personal life and experiences	Various	Lifestyle
BusinessBlog	Business Blog	Business insights and strategy	Corporate	Business
TechBlog	Tech Blog	Technology and development	Various	Technology
TravelBlog	Travel Blog	Travel experiences and guides	Various	Travel
FoodBlog	Food Blog	Recipes and food reviews	Various	Food
FashionBlog	Fashion Blog	Fashion trends and style	Various	Fashion
HealthBlog	Health Blog	Health and wellness content	Various	Health
FitnessBlog	Fitness Blog	Fitness and exercise tips	Various	Fitness
ParentingBlog	Parenting Blog	Parenting advice and stories	Various	Family
FinanceBlog	Finance Blog	Personal finance and investing	Various	Finance
MarketingBlog	Marketing Blog	Marketing strategies and tips	Various	Marketing
EducationBlog	Education Blog	Educational content and resources	Various	Education
PhotoBlog	Photo Blog	Photography showcase	Various	Photography
VideoBlog	Video Blog (Vlog)	Video blog content	YouTube	Various
MusicBlog	Music Blog	Music reviews and industry news	Various	Music
GamingBlog	Gaming Blog	Video game reviews and news	Various	Gaming
PoliticalBlog	Political Blog	Political commentary and analysis	Various	Politics
NewsBlog	News Blog	News aggregation and commentary	Various	News
ReviewBlog	Review Blog	Product and service reviews	Various	Reviews
NicheBlog	Niche Blog	Specialized topic blog	Various	Specialized