url	ns	type	id	code	name	description	careerClusterId	careerClusterName	socCount	cipCount
https://education.org.ai/Career/Engineering	education.org.ai	Career	Engineering	advanced-manufacturing/engineering	Engineering	Engineering sub-cluster within Advanced Manufacturing	advanced-manufacturing	Advanced Manufacturing	33	143
https://education.org.ai/Career/IndustrialMachinery	education.org.ai	Career	IndustrialMachinery	advanced-manufacturing/industrial-machinery	Industrial Machinery	Industrial Machinery sub-cluster within Advanced Manufacturing	advanced-manufacturing	Advanced Manufacturing	28	36
https://education.org.ai/Career/Productionandautomation	education.org.ai	Career	Productionandautomation	advanced-manufacturing/production-automation	Production & Automation	Production & Automation sub-cluster within Advanced Manufacturing	advanced-manufacturing	Advanced Manufacturing	88	78
https://education.org.ai/Career/Robotics	education.org.ai	Career	Robotics	advanced-manufacturing/robotics	Robotics	Robotics sub-cluster within Advanced Manufacturing	advanced-manufacturing	Advanced Manufacturing	5	6
https://education.org.ai/Career/Safetyandqualityassurance	education.org.ai	Career	Safetyandqualityassurance	advanced-manufacturing/safety-quality-assurance	Safety & Quality Assurance	Safety & Quality Assurance sub-cluster within Advanced Manufacturing	advanced-manufacturing	Advanced Manufacturing	10	16
https://education.org.ai/Career/Agribusiness	education.org.ai	Career	Agribusiness	agriculture/agribusiness	Agribusiness	Agribusiness sub-cluster within Agriculture	agriculture	Agriculture	3	31
https://education.org.ai/Career/Agriculturaltechnologyandautomation	education.org.ai	Career	Agriculturaltechnologyandautomation	agriculture/agricultural-technology-automation	Agricultural Technology & Automation	Agricultural Technology & Automation sub-cluster within Agriculture	agriculture	Agriculture	6	6
https://education.org.ai/Career/AnimalSystems	education.org.ai	Career	AnimalSystems	agriculture/animal-systems	Animal Systems	Animal Systems sub-cluster within Agriculture	agriculture	Agriculture	13	59
https://education.org.ai/Career/Foodscienceandprocessing	education.org.ai	Career	Foodscienceandprocessing	agriculture/food-science-processing	Food Science & Processing	Food Science & Processing sub-cluster within Agriculture	agriculture	Agriculture	11	20
https://education.org.ai/Career/PlantSystems	education.org.ai	Career	PlantSystems	agriculture/plant-systems	Plant Systems	Plant Systems sub-cluster within Agriculture	agriculture	Agriculture	19	66
https://education.org.ai/Career/WaterSystems	education.org.ai	Career	WaterSystems	agriculture/water-systems	water systems	water systems sub-cluster within Agriculture	agriculture	Agriculture	9	55
https://education.org.ai/Career/Designanddigitalarts	education.org.ai	Career	Designanddigitalarts	arts-entertainment-design/design-digital-arts	Design & Digital Arts	Design & Digital Arts sub-cluster within Arts, Entertainment, & Design	arts-entertainment-design	Arts, Entertainment, & Design	10	20
https://education.org.ai/Career/Fashionandinteriors	education.org.ai	Career	Fashionandinteriors	arts-entertainment-design/fashion-interiors	Fashion & Interiors	Fashion & Interiors sub-cluster within Arts, Entertainment, & Design	arts-entertainment-design	Arts, Entertainment, & Design	8	15
https://education.org.ai/Career/FineArts	education.org.ai	Career	FineArts	arts-entertainment-design/fine-arts	Fine Arts	Fine Arts sub-cluster within Arts, Entertainment, & Design	arts-entertainment-design	Arts, Entertainment, & Design	5	26
https://education.org.ai/Career/Lightingandsoundtechnology	education.org.ai	Career	Lightingandsoundtechnology	arts-entertainment-design/lighting-sound-technology	Lighting & Sound Technology	Lighting & Sound Technology sub-cluster within Arts, Entertainment, & Design	arts-entertainment-design	Arts, Entertainment, & Design	6	10
https://education.org.ai/Career/Mediaproductionandbroadcasting	education.org.ai	Career	Mediaproductionandbroadcasting	arts-entertainment-design/media-production-broadcasting	Media Production & Broadcasting	Media Production & Broadcasting sub-cluster within Arts, Entertainment, & Design	arts-entertainment-design	Arts, Entertainment, & Design	19	64
https://education.org.ai/Career/PerformingArts	education.org.ai	Career	PerformingArts	arts-entertainment-design/performing-arts	Performing Arts	Performing Arts sub-cluster within Arts, Entertainment, & Design	arts-entertainment-design	Arts, Entertainment, & Design	18	53
https://education.org.ai/Career/Architectureandcivilengineering	education.org.ai	Career	Architectureandcivilengineering	construction/architecture-civil-engineering	Architecture & Civil Engineering	Architecture & Civil Engineering sub-cluster within Construction	construction	Construction	12	29
https://education.org.ai/Career/Constructionplanninganddevelopment	education.org.ai	Career	Constructionplanninganddevelopment	construction/construction-planning-development	Construction Planning & Development	Construction Planning & Development sub-cluster within Construction	construction	Construction	6	36
https://education.org.ai/Career/Equipmentoperationandmaintenance	education.org.ai	Career	Equipmentoperationandmaintenance	construction/equipment-operation-maintenance	Equipment Operation & Maintenance	Equipment Operation & Maintenance sub-cluster within Construction	construction	Construction	19	17
https://education.org.ai/Career/SkilledTrades	education.org.ai	Career	SkilledTrades	construction/skilled-trades	Skilled Trades	Skilled Trades sub-cluster within Construction	construction	Construction	60	42
https://education.org.ai/Career/Datascienceandai	education.org.ai	Career	Datascienceandai	digital-technology/data-science-ai	Data Science & AI	Data Science & AI sub-cluster within Digital Technology	digital-technology	Digital Technology	6	51
https://education.org.ai/Career/Itsupportandservices	education.org.ai	Career	Itsupportandservices	digital-technology/it-support-services	IT Support & Services	IT Support & Services sub-cluster within Digital Technology	digital-technology	Digital Technology	5	11
https://education.org.ai/Career/Networksystemsandcybersecurity	education.org.ai	Career	Networksystemsandcybersecurity	digital-technology/network-systems-cybersecurity	Network Systems & Cybersecurity	Network Systems & Cybersecurity sub-cluster within Digital Technology	digital-technology	Digital Technology	8	26
https://education.org.ai/Career/SoftwareSolutions	education.org.ai	Career	SoftwareSolutions	digital-technology/software-solutions	Software Solutions	Software Solutions sub-cluster within Digital Technology	digital-technology	Digital Technology	6	30
https://education.org.ai/Career/Webandcloud	education.org.ai	Career	Webandcloud	digital-technology/web-cloud	Web & Cloud	Web & Cloud sub-cluster within Digital Technology	digital-technology	Digital Technology	9	28
https://education.org.ai/Career/EarlyChildhoodDevelopment	education.org.ai	Career	EarlyChildhoodDevelopment	education/early-childhood-development	Early Childhood Development	Early Childhood Development sub-cluster within Education	education	Education	5	9
https://education.org.ai/Career/Educationadministrationandleadership	education.org.ai	Career	Educationadministrationandleadership	education/education-administration-leadership	Education Administration & Leadership	Education Administration & Leadership sub-cluster within Education	education	Education	7	29
https://education.org.ai/Career/Learnersupportandcommunityengagement	education.org.ai	Career	Learnersupportandcommunityengagement	education/learner-support-community-engagement	Learner Support & Community Engagement	Learner Support & Community Engagement sub-cluster within Education	education	Education	16	136
https://education.org.ai/Career/TeachingTrainingAndfacilitation	education.org.ai	Career	TeachingTrainingAndfacilitation	education/teaching-training-facilitation	Teaching, Training, & Facilitation	Teaching, Training, & Facilitation sub-cluster within Education	education	Education	65	1300
https://education.org.ai/Career/Cleanandalternativeenergy	education.org.ai	Career	Cleanandalternativeenergy	energy-natural-resources/clean-alternative-energy	Clean & Alternative Energy	Clean & Alternative Energy sub-cluster within Energy & Natural Resources	energy-natural-resources	Energy & Natural Resources	13	17
https://education.org.ai/Career/Conservationandlandmanagement	education.org.ai	Career	Conservationandlandmanagement	energy-natural-resources/conservation-land-management	Conservation & Land Management	Conservation & Land Management sub-cluster within Energy & Natural Resources	energy-natural-resources	Energy & Natural Resources	18	107
https://education.org.ai/Career/Ecologicalresearchanddevelopment	education.org.ai	Career	Ecologicalresearchanddevelopment	energy-natural-resources/ecological-research-development	Ecological Research & Development	Ecological Research & Development sub-cluster within Energy & Natural Resources	energy-natural-resources	Energy & Natural Resources	25	167
https://education.org.ai/Career/EnvironmentalProtection	education.org.ai	Career	EnvironmentalProtection	energy-natural-resources/environmental-protection	Environmental Protection	Environmental Protection sub-cluster within Energy & Natural Resources	energy-natural-resources	Energy & Natural Resources	9	10
https://education.org.ai/Career/ResourceExtraction	education.org.ai	Career	ResourceExtraction	energy-natural-resources/resource-extraction	Resource Extraction	Resource Extraction sub-cluster within Energy & Natural Resources	energy-natural-resources	Energy & Natural Resources	35	44
https://education.org.ai/Career/Utilities	education.org.ai	Career	Utilities	energy-natural-resources/utilities	Utilities	Utilities sub-cluster within Energy & Natural Resources	energy-natural-resources	Energy & Natural Resources	28	32
https://education.org.ai/Career/Accounting	education.org.ai	Career	Accounting	financial-services/accounting	Accounting	Accounting sub-cluster within Financial Services	financial-services	Financial Services	7	13
https://education.org.ai/Career/Bankingandcredit	education.org.ai	Career	Bankingandcredit	financial-services/banking-credit	Banking & Credit	Banking & Credit sub-cluster within Financial Services	financial-services	Financial Services	7	10
https://education.org.ai/Career/Financialstrategyandinvestments	education.org.ai	Career	Financialstrategyandinvestments	financial-services/financial-strategy-investments	Financial Strategy & Investments	Financial Strategy & Investments sub-cluster within Financial Services	financial-services	Financial Services	14	40
https://education.org.ai/Career/Insurance	education.org.ai	Career	Insurance	financial-services/insurance	Insurance	Insurance sub-cluster within Financial Services	financial-services	Financial Services	12	26
https://education.org.ai/Career/RealEstate	education.org.ai	Career	RealEstate	financial-services/real-estate	Real Estate	Real Estate sub-cluster within Financial Services	financial-services	Financial Services	4	10
https://education.org.ai/Career/Behavioralandmentalhealth	education.org.ai	Career	Behavioralandmentalhealth	healthcare-human-services/behavioral-mental-health	Behavioral & Mental Health	Behavioral & Mental Health sub-cluster within Healthcare & Human Services	healthcare-human-services	Healthcare & Human Services	13	63
https://education.org.ai/Career/Biotechnologyresearchanddevelopment	education.org.ai	Career	Biotechnologyresearchanddevelopment	healthcare-human-services/biotechnology-research-development	Biotechnology Research & Development	Biotechnology Research & Development sub-cluster within Healthcare & Human Services	healthcare-human-services	Healthcare & Human Services	13	280
https://education.org.ai/Career/Communityandsocialservices	education.org.ai	Career	Communityandsocialservices	healthcare-human-services/community-social-services	Community & Social Services	Community & Social Services sub-cluster within Healthcare & Human Services	healthcare-human-services	Healthcare & Human Services	16	68
https://education.org.ai/Career/Healthdataandadministration	education.org.ai	Career	Healthdataandadministration	healthcare-human-services/health-data-administration	Health Data & Administration	Health Data & Administration sub-cluster within Healthcare & Human Services	healthcare-human-services	Healthcare & Human Services	12	54
https://education.org.ai/Career/PersonalCareServices	education.org.ai	Career	PersonalCareServices	healthcare-human-services/personal-care-services	Personal Care Services	Personal Care Services sub-cluster within Healthcare & Human Services	healthcare-human-services	Healthcare & Human Services	17	35
https://education.org.ai/Career/PhysicalHealth	education.org.ai	Career	PhysicalHealth	healthcare-human-services/physical-health	Physical Health	Physical Health sub-cluster within Healthcare & Human Services	healthcare-human-services	Healthcare & Human Services	87	473
https://education.org.ai/Career/Accommodations	education.org.ai	Career	Accommodations	hospitality-events-tourism/accommodations	Accommodations	Accommodations sub-cluster within Hospitality, Events, & Tourism	hospitality-events-tourism	Hospitality, Events, & Tourism	7	11
https://education.org.ai/Career/Conferencesandevents	education.org.ai	Career	Conferencesandevents	hospitality-events-tourism/conferences-events	Conferences & Events	Conferences & Events sub-cluster within Hospitality, Events, & Tourism	hospitality-events-tourism	Hospitality, Events, & Tourism	3	12
https://education.org.ai/Career/Culinaryandfoodservices	education.org.ai	Career	Culinaryandfoodservices	hospitality-events-tourism/culinary-food-services	Culinary & Food Services	Culinary & Food Services sub-cluster within Hospitality, Events, & Tourism	hospitality-events-tourism	Hospitality, Events, & Tourism	18	18
https://education.org.ai/Career/Travelandleisure	education.org.ai	Career	Travelandleisure	hospitality-events-tourism/travel-leisure	Travel & Leisure	Travel & Leisure sub-cluster within Hospitality, Events, & Tourism	hospitality-events-tourism	Hospitality, Events, & Tourism	23	28
https://education.org.ai/Career/BusinessInformationManagement	education.org.ai	Career	BusinessInformationManagement	management-entrepreneurship/business-information-management	Business Information Management	Business Information Management sub-cluster within Management & Entrepreneurship	management-entrepreneurship	Management & Entrepreneurship	8	52
https://education.org.ai/Career/Entrepreneurshipandsmallbusiness	education.org.ai	Career	Entrepreneurshipandsmallbusiness	management-entrepreneurship/entrepreneurship-small-business	Entrepreneurship & Small Business	Entrepreneurship & Small Business sub-cluster within Management & Entrepreneurship	management-entrepreneurship	Management & Entrepreneurship	22	18
https://education.org.ai/Career/Leadershipandoperations	education.org.ai	Career	Leadershipandoperations	management-entrepreneurship/leadership-operations	Leadership & Operations	Leadership & Operations sub-cluster within Management & Entrepreneurship	management-entrepreneurship	Management & Entrepreneurship	32	200
https://education.org.ai/Career/ProjectManagement	education.org.ai	Career	ProjectManagement	management-entrepreneurship/project-management	Project Management	Project Management sub-cluster within Management & Entrepreneurship	management-entrepreneurship	Management & Entrepreneurship	1	6
https://education.org.ai/Career/Regulation	education.org.ai	Career	Regulation	management-entrepreneurship/regulation	Regulation	Regulation sub-cluster within Management & Entrepreneurship	management-entrepreneurship	Management & Entrepreneurship	5	17
https://education.org.ai/Career/MarketresearchAnalyticsAndethics	education.org.ai	Career	MarketresearchAnalyticsAndethics	marketing-sales/market-research-analytics-ethics	Market Research, Analytics, & Ethics	Market Research, Analytics, & Ethics sub-cluster within Marketing & Sales	marketing-sales	Marketing & Sales	5	30
https://education.org.ai/Career/Marketingandadvertising	education.org.ai	Career	Marketingandadvertising	marketing-sales/marketing-advertising	Marketing & Advertising	Marketing & Advertising sub-cluster within Marketing & Sales	marketing-sales	Marketing & Sales	4	14
https://education.org.ai/Career/Retailandcustomerexperience	education.org.ai	Career	Retailandcustomerexperience	marketing-sales/retail-customer-experience	Retail & Customer Experience	Retail & Customer Experience sub-cluster within Marketing & Sales	marketing-sales	Marketing & Sales	10	18
https://education.org.ai/Career/StrategicSales	education.org.ai	Career	StrategicSales	marketing-sales/strategic-sales	Strategic Sales	Strategic Sales sub-cluster within Marketing & Sales	marketing-sales	Marketing & Sales	8	13
https://education.org.ai/Career/EmergencyResponse	education.org.ai	Career	EmergencyResponse	public-service-safety/emergency-response	Emergency Response	Emergency Response sub-cluster within Public Service & Safety	public-service-safety	Public Service & Safety	6	22
https://education.org.ai/Career/JudicialSystems	education.org.ai	Career	JudicialSystems	public-service-safety/judicial-systems	Judicial Systems	Judicial Systems sub-cluster within Public Service & Safety	public-service-safety	Public Service & Safety	11	42
https://education.org.ai/Career/LocalStateAndfederalservices	education.org.ai	Career	LocalStateAndfederalservices	public-service-safety/local-state-federal-services	Local, State, & Federal Services	Local, State, & Federal Services sub-cluster within Public Service & Safety	public-service-safety	Public Service & Safety	50	138
https://education.org.ai/Career/Militaryandnationalsecurity	education.org.ai	Career	Militaryandnationalsecurity	public-service-safety/military-national-security	Military & National Security	Military & National Security sub-cluster within Public Service & Safety	public-service-safety	Public Service & Safety	31	56
https://education.org.ai/Career/PublicSafety	education.org.ai	Career	PublicSafety	public-service-safety/public-safety	Public Safety	Public Safety sub-cluster within Public Service & Safety	public-service-safety	Public Service & Safety	26	49
https://education.org.ai/Career/Airandspacetransportation	education.org.ai	Career	Airandspacetransportation	supply-chain-transportation/air-space-transportation	Air & Space Transportation	Air & Space Transportation sub-cluster within Supply Chain & Transportation	supply-chain-transportation	Supply Chain & Transportation	12	19
https://education.org.ai/Career/Groundandrailtransportation	education.org.ai	Career	Groundandrailtransportation	supply-chain-transportation/ground-rail-transportation	Ground & Rail Transportation	Ground & Rail Transportation sub-cluster within Supply Chain & Transportation	supply-chain-transportation	Supply Chain & Transportation	21	9
https://education.org.ai/Career/Maintenanceandrepair	education.org.ai	Career	Maintenanceandrepair	supply-chain-transportation/maintenance-repair	Maintenance & Repair	Maintenance & Repair sub-cluster within Supply Chain & Transportation	supply-chain-transportation	Supply Chain & Transportation	28	27
https://education.org.ai/Career/MarineTransportation	education.org.ai	Career	MarineTransportation	supply-chain-transportation/marine-transportation	Marine Transportation	Marine Transportation sub-cluster within Supply Chain & Transportation	supply-chain-transportation	Supply Chain & Transportation	8	7
https://education.org.ai/Career/Planningandlogistics	education.org.ai	Career	Planningandlogistics	supply-chain-transportation/planning-logistics	Planning & Logistics	Planning & Logistics sub-cluster within Supply Chain & Transportation	supply-chain-transportation	Supply Chain & Transportation	8	13
https://education.org.ai/Career/Purchasingandwarehousing	education.org.ai	Career	Purchasingandwarehousing	supply-chain-transportation/purchasing-warehousing	Purchasing & Warehousing	Purchasing & Warehousing sub-cluster within Supply Chain & Transportation	supply-chain-transportation	Supply Chain & Transportation	11	9
