url	ns	type	id	code	name	description	ISO	ISO3	ISO-Numeric	fips	Country	Capital	Area(in sq km)	Population	Continent	tld	CurrencyCode	CurrencyName	Phone	Postal Code Format	Postal Code Regex	Languages	geonameid	neighbours	EquivalentFipsCode	digital
https://places.org.ai/Country/Andorra	places.org.ai	Country	Andorra		Andorra		AD	AND	020	AN	Andorra	Andorra la Vella	468	77006	EU	.ad	EUR	Euro	376	AD###	^(?:AD)*(\d{3})$	ca	3041565	ES,FR		
https://places.org.ai/Country/UnitedArabEmirates	places.org.ai	Country	UnitedArabEmirates		United Arab Emirates		AE	ARE	784	AE	United Arab Emirates	Abu Dhabi	82880	9630959	AS	.ae	AED	Dirham	971	##### #####	^\d{5}-\d{5}$	ar-AE,fa,en,hi,ur	290557	SA,OM		
https://places.org.ai/Country/Afghanistan	places.org.ai	Country	Afghanistan		Afghanistan		AF	AFG	004	AF	Afghanistan	Kabul	647500	37172386	AS	.af	AFN	Afghani	93			fa-AF,ps,uz-AF,tk	1149361	TM,CN,IR,TJ,PK,UZ		
https://places.org.ai/Country/AntiguaAndBarbuda	places.org.ai	Country	AntiguaAndBarbuda		Antigua And Barbuda		AG	ATG	028	AC	Antigua and Barbuda	St. John's	443	96286	NA	.ag	XCD	Dollar	+1-268			en-AG	3576396			
https://places.org.ai/Country/Anguilla	places.org.ai	Country	Anguilla		Anguilla		AI	AIA	660	AV	Anguilla	The Valley	102	13254	NA	.ai	XCD	Dollar	+1-264	AI-####	^(?:AZ)*(\d{4})$	en-AI	3573511			
https://places.org.ai/Country/Albania	places.org.ai	Country	Albania		Albania		AL	ALB	008	AL	Albania	Tirana	28748	2866376	EU	.al	ALL	Lek	355	####	^(\d{4})$	sq,el	783754	MK,GR,ME,RS,XK		
https://places.org.ai/Country/Armenia	places.org.ai	Country	Armenia		Armenia		AM	ARM	051	AM	Armenia	Yerevan	29800	3084400	AS	.am	AMD	Dram	374	######	^(\d{6})$	hy	174982	GE,IR,AZ,TR		
https://places.org.ai/Country/Angola	places.org.ai	Country	Angola		Angola		AO	AGO	024	AO	Angola	Luanda	1246700	30809762	AF	.ao	AOA	Kwanza	244			pt-AO	3351879	CD,NA,ZM,CG		
https://places.org.ai/Country/Antarctica	places.org.ai	Country	Antarctica		Antarctica		AQ	ATA	010	AY	Antarctica		14000000	0	AN	.aq							6697173			
https://places.org.ai/Country/Argentina	places.org.ai	Country	Argentina		Argentina		AR	ARG	032	AR	Argentina	Buenos Aires	2766890	44494502	SA	.ar	ARS	Peso	54	@####@@@	^[A-Z]?\d{4}[A-Z]{0,3}$	es-AR,en,it,de,fr,gn	3865483	CL,BO,UY,PY,BR		
https://places.org.ai/Country/AmericanSamoa	places.org.ai	Country	AmericanSamoa		American Samoa		AS	ASM	016	AQ	American Samoa	Pago Pago	199	55465	OC	.as	USD	Dollar	+1-684	#####-####	96799	en-AS,sm,to	5880801			
https://places.org.ai/Country/Austria	places.org.ai	Country	Austria		Austria		AT	AUT	040	AU	Austria	Vienna	83858	8847037	EU	.at	EUR	Euro	43	####	^(\d{4})$	de-AT,hr,hu,sl	2782113	CH,DE,HU,SK,CZ,IT,SI,LI		
https://places.org.ai/Country/Australia	places.org.ai	Country	Australia		Australia		AU	AUS	036	AS	Australia	Canberra	7686850	24992369	OC	.au	AUD	Dollar	61	####	^(\d{4})$	en-AU	2077456			
https://places.org.ai/Country/Aruba	places.org.ai	Country	Aruba		Aruba		AW	ABW	533	AA	Aruba	Oranjestad	193	105845	NA	.aw	AWG	Guilder	297			nl-AW,pap,es,en	3577279			
https://places.org.ai/Country/AlandIslands	places.org.ai	Country	AlandIslands		Aland Islands		AX	ALA	248		Aland Islands	Mariehamn	1580	26711	EU	.ax	EUR	Euro	+358-18	#####	^(?:FI)*(\d{5})$	sv-AX	661882		FI	
https://places.org.ai/Country/Azerbaijan	places.org.ai	Country	Azerbaijan		Azerbaijan		AZ	AZE	031	AJ	Azerbaijan	Baku	86600	10224900	AS	.az	AZN	Manat	994	AZ ####	^(?:AZ )*(\d{4})$	az,ru,hy	587116	GE,IR,AM,TR,RU		
https://places.org.ai/Country/BosniaAndHerzegovina	places.org.ai	Country	BosniaAndHerzegovina		Bosnia And Herzegovina		BA	BIH	070	BK	Bosnia and Herzegovina	Sarajevo	51129	3323929	EU	.ba	BAM	Marka	387	#####	^(\d{5})$	bs,hr-BA,sr-BA	3277605	HR,ME,RS		
https://places.org.ai/Country/Barbados	places.org.ai	Country	Barbados		Barbados		BB	BRB	052	BB	Barbados	Bridgetown	431	286641	NA	.bb	BBD	Dollar	+1-246	BB#####	^(?:BB)*(\d{5})$	en-BB	3374084			
https://places.org.ai/Country/Bangladesh	places.org.ai	Country	Bangladesh		Bangladesh		BD	BGD	050	BG	Bangladesh	Dhaka	144000	161356039	AS	.bd	BDT	Taka	880	####	^(\d{4})$	bn-BD,en	1210997	MM,IN		
https://places.org.ai/Country/Belgium	places.org.ai	Country	Belgium		Belgium		BE	BEL	056	BE	Belgium	Brussels	30510	11422068	EU	.be	EUR	Euro	32	####	^(\d{4})$	nl-BE,fr-BE,de-BE	2802361	DE,NL,LU,FR		
https://places.org.ai/Country/BurkinaFaso	places.org.ai	Country	BurkinaFaso		Burkina Faso		BF	BFA	854	UV	Burkina Faso	Ouagadougou	274200	19751535	AF	.bf	XOF	Franc	226			fr-BF,mos	2361809	NE,BJ,GH,CI,TG,ML		
https://places.org.ai/Country/Bulgaria	places.org.ai	Country	Bulgaria		Bulgaria		BG	BGR	100	BU	Bulgaria	Sofia	110910	7000039	EU	.bg	BGN	Lev	359	####	^(\d{4})$	bg,tr-BG,rom	732800	MK,GR,RO,TR,RS		
https://places.org.ai/Country/Bahrain	places.org.ai	Country	Bahrain		Bahrain		BH	BHR	048	BA	Bahrain	Manama	665	1569439	AS	.bh	BHD	Dinar	973	####|###	^(\d{3}\d?)$	ar-BH,en,fa,ur	290291			
https://places.org.ai/Country/Burundi	places.org.ai	Country	Burundi		Burundi		BI	BDI	108	BY	Burundi	Gitega	27830	11175378	AF	.bi	BIF	Franc	257			fr-BI,rn	433561	TZ,CD,RW		
https://places.org.ai/Country/Benin	places.org.ai	Country	Benin		Benin		BJ	BEN	204	BN	Benin	Porto-Novo	112620	11485048	AF	.bj	XOF	Franc	229			fr-BJ	2395170	NE,TG,BF,NG		
https://places.org.ai/Country/SaintBarthelemy	places.org.ai	Country	SaintBarthelemy		Saint Barthelemy		BL	BLM	652	TB	Saint Barthelemy	Gustavia	21	8450	NA	.gp	EUR	Euro	590	#####	^(\d{5})$	fr	3578476			
https://places.org.ai/Country/Bermuda	places.org.ai	Country	Bermuda		Bermuda		BM	BMU	060	BD	Bermuda	Hamilton	53	63968	NA	.bm	BMD	Dollar	+1-441	@@ ##	^([A-Z]{2}\d{2})$	en-BM,pt	3573345			
https://places.org.ai/Country/Brunei	places.org.ai	Country	Brunei		Brunei		BN	BRN	096	BX	Brunei	Bandar Seri Begawan	5770	428962	AS	.bn	BND	Dollar	673	@@####	^([A-Z]{2}\d{4})$	ms-BN,en-BN	1820814	MY		
https://places.org.ai/Country/Bolivia	places.org.ai	Country	Bolivia		Bolivia		BO	BOL	068	BL	Bolivia	Sucre	1098580	11353142	SA	.bo	BOB	Boliviano	591			es-BO,qu,ay	3923057	PE,CL,PY,BR,AR		
https://places.org.ai/Country/BonaireSaintEustatiusAndSaba	places.org.ai	Country	BonaireSaintEustatiusAndSaba		Bonaire Saint Eustatius And Saba		BQ	BES	535		Bonaire, Saint Eustatius and Saba		328	18012	NA	.bq	USD	Dollar	599			nl,pap,en	7626844			
https://places.org.ai/Country/Brazil	places.org.ai	Country	Brazil		Brazil		BR	BRA	076	BR	Brazil	Brasilia	8511965	209469333	SA	.br	BRL	Real	55	#####-###	^\d{5}-\d{3}$	pt-BR,es,en,fr	3469034	SR,PE,BO,UY,GY,PY,GF,VE,CO,AR		
https://places.org.ai/Country/Bahamas	places.org.ai	Country	Bahamas		Bahamas		BS	BHS	044	BF	Bahamas	Nassau	13940	385640	NA	.bs	BSD	Dollar	+1-242			en-BS	3572887			
https://places.org.ai/Country/Bhutan	places.org.ai	Country	Bhutan		Bhutan		BT	BTN	064	BT	Bhutan	Thimphu	47000	754394	AS	.bt	BTN	Ngultrum	975			dz	1252634	CN,IN		
https://places.org.ai/Country/BouvetIsland	places.org.ai	Country	BouvetIsland		Bouvet Island		BV	BVT	074	BV	Bouvet Island		49	0	AN	.bv	NOK	Krone					3371123			
https://places.org.ai/Country/Botswana	places.org.ai	Country	Botswana		Botswana		BW	BWA	072	BC	Botswana	Gaborone	600370	2254126	AF	.bw	BWP	Pula	267			en-BW,tn-BW	933860	ZW,ZA,NA		
https://places.org.ai/Country/Belarus	places.org.ai	Country	Belarus		Belarus		BY	BLR	112	BO	Belarus	Minsk	207600	9485386	EU	.by	BYN	Belarusian ruble	375	######	^(\d{6})$	be,ru	630336	PL,LT,UA,RU,LV		
https://places.org.ai/Country/Belize	places.org.ai	Country	Belize		Belize		BZ	BLZ	084	BH	Belize	Belmopan	22966	383071	NA	.bz	BZD	Dollar	501			en-BZ,es	3582678	GT,MX		
https://places.org.ai/Country/Canada	places.org.ai	Country	Canada		Canada		CA	CAN	124	CA	Canada	Ottawa	9984670	37058856	NA	.ca	CAD	Dollar	1	@#@ #@#	^([ABCEGHJKLMNPRSTVXY]\d[ABCEGHJKLMNPRSTVWXYZ]) ?(\d[ABCEGHJKLMNPRSTVWXYZ]\d)$	en-CA,fr-CA,iu	6251999	US		
https://places.org.ai/Country/CocosIslands	places.org.ai	Country	CocosIslands		Cocos Islands		CC	CCK	166	CK	Cocos Islands	West Island	14	628	AS	.cc	AUD	Dollar	61	####	^(\d{4})$	ms-CC,en	1547376			
https://places.org.ai/Country/DemocraticRepublicOfTheCongo	places.org.ai	Country	DemocraticRepublicOfTheCongo		Democratic Republic Of The Congo		CD	COD	180	CG	Democratic Republic of the Congo	Kinshasa	2345410	84068091	AF	.cd	CDF	Franc	243			fr-CD,ln,ktu,kg,sw,lua	203312	TZ,CF,SS,RW,ZM,BI,UG,CG,AO		
https://places.org.ai/Country/CentralAfricanRepublic	places.org.ai	Country	CentralAfricanRepublic		Central African Republic		CF	CAF	140	CT	Central African Republic	Bangui	622984	4666377	AF	.cf	XAF	Franc	236			fr-CF,sg,ln,kg	239880	TD,SD,CD,SS,CM,CG		
https://places.org.ai/Country/RepublicOfTheCongo	places.org.ai	Country	RepublicOfTheCongo		Republic Of The Congo		CG	COG	178	CF	Republic of the Congo	Brazzaville	342000	5244363	AF	.cg	XAF	Franc	242			fr-CG,kg,ln-CG	2260494	CF,GA,CD,CM,AO		
https://places.org.ai/Country/Switzerland	places.org.ai	Country	Switzerland		Switzerland		CH	CHE	756	SZ	Switzerland	Bern	41290	8516543	EU	.ch	CHF	Franc	41	####	^(\d{4})$	de-CH,fr-CH,it-CH,rm	2658434	DE,IT,LI,FR,AT		
https://places.org.ai/Country/IvoryCoast	places.org.ai	Country	IvoryCoast		Ivory Coast		CI	CIV	384	IV	Ivory Coast	Yamoussoukro	322460	25069229	AF	.ci	XOF	Franc	225			fr-CI	2287781	LR,GH,GN,BF,ML		
https://places.org.ai/Country/CookIslands	places.org.ai	Country	CookIslands		Cook Islands		CK	COK	184	CW	Cook Islands	Avarua	240	21388	OC	.ck	NZD	Dollar	682			en-CK,mi	1899402			
https://places.org.ai/Country/Chile	places.org.ai	Country	Chile		Chile		CL	CHL	152	CI	Chile	Santiago	756950	18729160	SA	.cl	CLP	Peso	56	#######	^(\d{7})$	es-CL	3895114	PE,BO,AR		
https://places.org.ai/Country/Cameroon	places.org.ai	Country	Cameroon		Cameroon		CM	CMR	120	CM	Cameroon	Yaounde	475440	25216237	AF	.cm	XAF	Franc	237			en-CM,fr-CM	2233387	TD,CF,GA,GQ,CG,NG		
https://places.org.ai/Country/China	places.org.ai	Country	China		China		CN	CHN	156	CH	China	Beijing	9596960	1411778724	AS	.cn	CNY	Yuan Renminbi	86	######	^(\d{6})$	zh-CN,yue,wuu,dta,ug,za	1814991	LA,BT,TJ,KZ,MN,AF,NP,MM,KG,PK,KP,RU,VN,IN		
https://places.org.ai/Country/Colombia	places.org.ai	Country	Colombia		Colombia		CO	COL	170	CO	Colombia	Bogota	1138910	49648685	SA	.co	COP	Peso	57	######	^(\d{6})$	es-CO	3686110	EC,PE,PA,BR,VE		
https://places.org.ai/Country/CostaRica	places.org.ai	Country	CostaRica		Costa Rica		CR	CRI	188	CS	Costa Rica	San Jose	51100	4999441	NA	.cr	CRC	Colon	506	#####	^(\d{5})$	es-CR,en	3624060	PA,NI		
https://places.org.ai/Country/Cuba	places.org.ai	Country	Cuba		Cuba		CU	CUB	192	CU	Cuba	Havana	110860	11338138	NA	.cu	CUP	Peso	53	CP #####	^(?:CP)*(\d{5})$	es-CU,pap	3562981	US		
https://places.org.ai/Country/CaboVerde	places.org.ai	Country	CaboVerde		Cabo Verde		CV	CPV	132	CV	Cabo Verde	Praia	4033	543767	AF	.cv	CVE	Escudo	238	####	^(\d{4})$	pt-CV	3374766			
https://places.org.ai/Country/Curacao	places.org.ai	Country	Curacao		Curacao		CW	CUW	531	UC	Curacao	 Willemstad	444	159849	NA	.cw	XCG	Guilder	599			nl,pap	7626836			
https://places.org.ai/Country/ChristmasIsland	places.org.ai	Country	ChristmasIsland		Christmas Island		CX	CXR	162	KT	Christmas Island	Flying Fish Cove	135	1500	OC	.cx	AUD	Dollar	61	####	^(\d{4})$	en,zh,ms-CX	2078138			
https://places.org.ai/Country/Cyprus	places.org.ai	Country	Cyprus		Cyprus		CY	CYP	196	CY	Cyprus	Nicosia	9250	1189265	EU	.cy	EUR	Euro	357	####	^(\d{4})$	el-CY,tr-CY,en	146669			
https://places.org.ai/Country/Czechia	places.org.ai	Country	Czechia		Czechia		CZ	CZE	203	EZ	Czechia	Prague	78866	10625695	EU	.cz	CZK	Koruna	420	### ##	^\d{3}\s?\d{2}$	cs,sk	3077311	PL,DE,SK,AT		
https://places.org.ai/Country/Germany	places.org.ai	Country	Germany		Germany		DE	DEU	276	GM	Germany	Berlin	357021	82927922	EU	.de	EUR	Euro	49	#####	^(\d{5})$	de	2921044	CH,PL,NL,DK,BE,CZ,LU,FR,AT		
https://places.org.ai/Country/Djibouti	places.org.ai	Country	Djibouti		Djibouti		DJ	DJI	262	DJ	Djibouti	Djibouti	23000	958920	AF	.dj	DJF	Franc	253			fr-DJ,ar,so-DJ,aa	223816	ER,ET,SO		
https://places.org.ai/Country/Denmark	places.org.ai	Country	Denmark		Denmark		DK	DNK	208	DA	Denmark	Copenhagen	43094	5797446	EU	.dk	DKK	Krone	45	####	^(\d{4})$	da-DK,en,fo,de-DK	2623032	DE		
https://places.org.ai/Country/Dominica	places.org.ai	Country	Dominica		Dominica		DM	DMA	212	DO	Dominica	Roseau	754	71625	NA	.dm	XCD	Dollar	+1-767			en-DM	3575830			
https://places.org.ai/Country/DominicanRepublic	places.org.ai	Country	DominicanRepublic		Dominican Republic		DO	DOM	214	DR	Dominican Republic	Santo Domingo	48730	10627165	NA	.do	DOP	Peso	+1-809 and 1-829	#####	^(\d{5})$	es-DO	3508796	HT		
https://places.org.ai/Country/Algeria	places.org.ai	Country	Algeria		Algeria		DZ	DZA	012	AG	Algeria	Algiers	2381740	42228429	AF	.dz	DZD	Dinar	213	#####	^(\d{5})$	ar-DZ	2589581	NE,EH,LY,MR,TN,MA,ML		
https://places.org.ai/Country/Ecuador	places.org.ai	Country	Ecuador		Ecuador		EC	ECU	218	EC	Ecuador	Quito	283560	17084357	SA	.ec	USD	Dollar	593	@####@	^([a-zA-Z]\d{4}[a-zA-Z])$	es-EC	3658394	PE,CO		
https://places.org.ai/Country/Estonia	places.org.ai	Country	Estonia		Estonia		EE	EST	233	EN	Estonia	Tallinn	45226	1320884	EU	.ee	EUR	Euro	372	#####	^(\d{5})$	et,ru	453733	RU,LV		
https://places.org.ai/Country/Egypt	places.org.ai	Country	Egypt		Egypt		EG	EGY	818	EG	Egypt	Cairo	1001450	98423595	AF	.eg	EGP	Pound	20	#####	^(\d{5})$	ar-EG,en,fr	357994	LY,SD,IL,PS		
https://places.org.ai/Country/WesternSahara	places.org.ai	Country	WesternSahara		Western Sahara		EH	ESH	732	WI	Western Sahara	El-Aaiun	266000	273008	AF	.eh	MAD	Dirham	212			ar,mey	2461445	DZ,MR,MA		
https://places.org.ai/Country/Eritrea	places.org.ai	Country	Eritrea		Eritrea		ER	ERI	232	ER	Eritrea	Asmara	121320	6209262	AF	.er	ERN	Nakfa	291			aa-ER,ar,tig,kun,ti-ER	338010	ET,SD,DJ		
https://places.org.ai/Country/Spain	places.org.ai	Country	Spain		Spain		ES	ESP	724	SP	Spain	Madrid	504782	46723749	EU	.es	EUR	Euro	34	#####	^(\d{5})$	es-ES,ca,gl,eu,oc	2510769	AD,PT,GI,FR,MA		
https://places.org.ai/Country/Ethiopia	places.org.ai	Country	Ethiopia		Ethiopia		ET	ETH	231	ET	Ethiopia	Addis Ababa	1127127	109224559	AF	.et	ETB	Birr	251	####	^(\d{4})$	am,en-ET,om-ET,ti-ET,so-ET,sid	337996	ER,KE,SD,SS,SO,DJ		
https://places.org.ai/Country/Finland	places.org.ai	Country	Finland		Finland		FI	FIN	246	FI	Finland	Helsinki	337030	5518050	EU	.fi	EUR	Euro	358	#####	^(?:FI)*(\d{5})$	fi-FI,sv-FI,smn	660013	NO,RU,SE		
https://places.org.ai/Country/Fiji	places.org.ai	Country	Fiji		Fiji		FJ	FJI	242	FJ	Fiji	Suva	18270	883483	OC	.fj	FJD	Dollar	679			en-FJ,fj	2205218			
https://places.org.ai/Country/FalklandIslands	places.org.ai	Country	FalklandIslands		Falkland Islands		FK	FLK	238	FK	Falkland Islands	Stanley	12173	2638	SA	.fk	FKP	Pound	500	FIQQ 1ZZ	FIQQ 1ZZ	en-FK	3474414			
https://places.org.ai/Country/Micronesia	places.org.ai	Country	Micronesia		Micronesia		FM	FSM	583	FM	Micronesia	Palikir	702	112640	OC	.fm	USD	Dollar	691	#####	^(\d{5})$	en-FM,chk,pon,yap,kos,uli,woe,nkr,kpg	2081918			
https://places.org.ai/Country/FaroeIslands	places.org.ai	Country	FaroeIslands		Faroe Islands		FO	FRO	234	FO	Faroe Islands	Torshavn	1399	48497	EU	.fo	DKK	Krone	298	###	^(?:FO)*(\d{3})$	fo,da-FO	2622320			
https://places.org.ai/Country/France	places.org.ai	Country	France		France		FR	FRA	250	FR	France	Paris	547030	66987244	EU	.fr	EUR	Euro	33	#####	^(\d{5})$	fr-FR,frp,br,co,ca,eu,oc	3017382	CH,DE,BE,LU,IT,AD,MC,ES		
https://places.org.ai/Country/Gabon	places.org.ai	Country	Gabon		Gabon		GA	GAB	266	GB	Gabon	Libreville	267667	2119275	AF	.ga	XAF	Franc	241			fr-GA	2400553	CM,GQ,CG		
https://places.org.ai/Country/UnitedKingdom	places.org.ai	Country	UnitedKingdom		United Kingdom		GB	GBR	826	UK	United Kingdom	London	244820	66488991	EU	.uk	GBP	Pound	44	@# #@@|@## #@@|@@# #@@|@@## #@@|@#@ #@@|@@#@ #@@|GIR0AA	^([Gg][Ii][Rr]\s?0[Aa]{2})|((([A-Za-z][0-9]{1,2})|(([A-Za-z][A-Ha-hJ-Yj-y][0-9]{1,2})|(([A-Za-z][0-9][A-Za-z])|([A-Za-z][A-Ha-hJ-Yj-y][0-9]?[A-Za-z]))))\s?[0-9][A-Za-z]{2})$	en-GB,cy-GB,gd	2635167	IE		
https://places.org.ai/Country/Grenada	places.org.ai	Country	Grenada		Grenada		GD	GRD	308	GJ	Grenada	St. George's	344	111454	NA	.gd	XCD	Dollar	+1-473			en-GD	3580239			
https://places.org.ai/Country/Georgia	places.org.ai	Country	Georgia		Georgia		GE	GEO	268	GG	Georgia	Tbilisi	69700	3704500	AS	.ge	GEL	Lari	995	####	^(\d{4})$	ka,ru,hy,az	614540	AM,AZ,TR,RU		
https://places.org.ai/Country/FrenchGuiana	places.org.ai	Country	FrenchGuiana		French Guiana		GF	GUF	254	FG	French Guiana	Cayenne	91000	195506	SA	.gf	EUR	Euro	594	#####	^((97|98)3\d{2})$	fr-GF	3381670	SR,BR		
https://places.org.ai/Country/Guernsey	places.org.ai	Country	Guernsey		Guernsey		GG	GGY	831	GK	Guernsey	St Peter Port	78	65228	EU	.gg	GBP	Pound	+44-1481	@# #@@|@## #@@|@@# #@@|@@## #@@|@#@ #@@|@@#@ #@@|GIR0AA	^((?:(?:[A-PR-UWYZ][A-HK-Y]\d[ABEHMNPRV-Y0-9]|[A-PR-UWYZ]\d[A-HJKPS-UW0-9])\s\d[ABD-HJLNP-UW-Z]{2})|GIR\s?0AA)$	en,nrf	3042362			
https://places.org.ai/Country/Ghana	places.org.ai	Country	Ghana		Ghana		GH	GHA	288	GH	Ghana	Accra	239460	29767108	AF	.gh	GHS	Cedi	233			en-GH,ak,ee,tw	2300660	CI,TG,BF		
https://places.org.ai/Country/Gibraltar	places.org.ai	Country	Gibraltar		Gibraltar		GI	GIB	292	GI	Gibraltar	Gibraltar	6.5	33718	EU	.gi	GIP	Pound	350	GX11 1AA	GX11 1AA	en-GI,es,it,pt	2411586	ES		
https://places.org.ai/Country/Greenland	places.org.ai	Country	Greenland		Greenland		GL	GRL	304	GL	Greenland	Nuuk	2166086	56025	NA	.gl	DKK	Krone	299	####	^(\d{4})$	kl,da-GL,en	3425505			
https://places.org.ai/Country/Gambia	places.org.ai	Country	Gambia		Gambia		GM	GMB	270	GA	Gambia	Banjul	11300	2280102	AF	.gm	GMD	Dalasi	220			en-GM,mnk,wof,wo,ff	2413451	SN		
https://places.org.ai/Country/Guinea	places.org.ai	Country	Guinea		Guinea		GN	GIN	324	GV	Guinea	Conakry	245857	12414318	AF	.gn	GNF	Franc	224			fr-GN	2420477	LR,SN,SL,CI,GW,ML		
https://places.org.ai/Country/Guadeloupe	places.org.ai	Country	Guadeloupe		Guadeloupe		GP	GLP	312	GP	Guadeloupe	Basse-Terre	1780	443000	NA	.gp	EUR	Euro	590	#####	^((97|98)\d{3})$	fr-GP	3579143			
https://places.org.ai/Country/EquatorialGuinea	places.org.ai	Country	EquatorialGuinea		Equatorial Guinea		GQ	GNQ	226	EK	Equatorial Guinea	Malabo	28051	1308974	AF	.gq	XAF	Franc	240			es-GQ,fr,pt	2309096	GA,CM		
https://places.org.ai/Country/Greece	places.org.ai	Country	Greece		Greece		GR	GRC	300	GR	Greece	Athens	131940	10727668	EU	.gr	EUR	Euro	30	### ##	^(\d{5})$	el-GR,en,fr	390903	AL,MK,TR,BG		
https://places.org.ai/Country/SouthGeorgiaAndTheSouthSandwichIslands	places.org.ai	Country	SouthGeorgiaAndTheSouthSandwichIslands		South Georgia And The South Sandwich Islands		GS	SGS	239	SX	South Georgia and the South Sandwich Islands	Grytviken	3903	30	AN	.gs	GBP	Pound		SIQQ 1ZZ	SIQQ 1ZZ	en	3474415			
https://places.org.ai/Country/Guatemala	places.org.ai	Country	Guatemala		Guatemala		GT	GTM	320	GT	Guatemala	Guatemala City	108890	17247807	NA	.gt	GTQ	Quetzal	502	#####	^(\d{5})$	es-GT	3595528	MX,HN,BZ,SV		
https://places.org.ai/Country/Guam	places.org.ai	Country	Guam		Guam		GU	GUM	316	GQ	Guam	Hagatna	549	165768	OC	.gu	USD	Dollar	+1-671	969##	^(969\d{2})$	en-GU,ch-GU	4043988			
https://places.org.ai/Country/GuineaBissau	places.org.ai	Country	GuineaBissau		Guinea Bissau		GW	GNB	624	PU	Guinea-Bissau	Bissau	36120	1874309	AF	.gw	XOF	Franc	245	####	^(\d{4})$	pt-GW,pov	2372248	SN,GN		
https://places.org.ai/Country/Guyana	places.org.ai	Country	Guyana		Guyana		GY	GUY	328	GY	Guyana	Georgetown	214970	779004	SA	.gy	GYD	Dollar	592			en-GY	3378535	SR,BR,VE		
https://places.org.ai/Country/HongKong	places.org.ai	Country	HongKong		Hong Kong		HK	HKG	344	HK	Hong Kong	Hong Kong	1092	7396076	AS	.hk	HKD	Dollar	852	######	^(\d{6})$	zh-HK,yue,zh,en	1819730			
https://places.org.ai/Country/HeardIslandAndMcdonaldIslands	places.org.ai	Country	HeardIslandAndMcdonaldIslands		Heard Island And Mcdonald Islands		HM	HMD	334	HM	Heard Island and McDonald Islands		412	0	AN	.hm	AUD	Dollar		####	^(\d{4})$		1547314			
https://places.org.ai/Country/Honduras	places.org.ai	Country	Honduras		Honduras		HN	HND	340	HO	Honduras	Tegucigalpa	112090	9587522	NA	.hn	HNL	Lempira	504	#####	^(\d{6})$	es-HN,cab,miq	3608932	GT,NI,SV		
https://places.org.ai/Country/Croatia	places.org.ai	Country	Croatia		Croatia		HR	HRV	191	HR	Croatia	Zagreb	56542	3871833	EU	.hr	EUR	Euro	385	#####	^(?:HR)*(\d{5})$	hr-HR,sr	3202326	HU,SI,BA,ME,RS		
https://places.org.ai/Country/Haiti	places.org.ai	Country	Haiti		Haiti		HT	HTI	332	HA	Haiti	Port-au-Prince	27750	11123176	NA	.ht	HTG	Gourde	509	HT####	^(?:HT)*(\d{4})$	ht,fr-HT	3723988	DO		
https://places.org.ai/Country/Hungary	places.org.ai	Country	Hungary		Hungary		HU	HUN	348	HU	Hungary	Budapest	93030	9768785	EU	.hu	HUF	Forint	36	####	^(\d{4})$	hu-HU	719819	SK,SI,RO,UA,HR,AT,RS		
https://places.org.ai/Country/Indonesia	places.org.ai	Country	Indonesia		Indonesia		ID	IDN	360	ID	Indonesia	Jakarta	1919440	267663435	AS	.id	IDR	Rupiah	62	#####	^(\d{5})$	id,en,nl,jv	1643084	PG,TL,MY		
https://places.org.ai/Country/Ireland	places.org.ai	Country	Ireland		Ireland		IE	IRL	372	EI	Ireland	Dublin	70280	4853506	EU	.ie	EUR	Euro	353	@@@ @@@@	^(D6W|[AC-FHKNPRTV-Y][0-9]{2})\s?([AC-FHKNPRTV-Y0-9]{4})	en-IE,ga-IE	2963597	GB		
https://places.org.ai/Country/Israel	places.org.ai	Country	Israel		Israel		IL	ISR	376	IS	Israel	Jerusalem	20770	8883800	AS	.il	ILS	Shekel	972	#######	^(\d{7}|\d{5})$	he,ar-IL,en-IL,	294640	SY,JO,LB,EG,PS		
https://places.org.ai/Country/IsleOfMan	places.org.ai	Country	IsleOfMan		Isle Of Man		IM	IMN	833	IM	Isle of Man	Douglas	572	84077	EU	.im	GBP	Pound	+44-1624	@# #@@|@## #@@|@@# #@@|@@## #@@|@#@ #@@|@@#@ #@@|GIR0AA	^((?:(?:[A-PR-UWYZ][A-HK-Y]\d[ABEHMNPRV-Y0-9]|[A-PR-UWYZ]\d[A-HJKPS-UW0-9])\s\d[ABD-HJLNP-UW-Z]{2})|GIR\s?0AA)$	en,gv	3042225			
https://places.org.ai/Country/India	places.org.ai	Country	India		India		IN	IND	356	IN	India	New Delhi	3287590	1352617328	AS	.in	INR	Rupee	91	######	^(\d{6})$	en-IN,hi,bn,te,mr,ta,ur,gu,kn,ml,or,pa,as,bh,sat,ks,ne,sd,kok,doi,mni,sit,sa,fr,lus,inc	1269750	CN,NP,MM,BT,PK,BD		
https://places.org.ai/Country/BritishIndianOceanTerritory	places.org.ai	Country	BritishIndianOceanTerritory		British Indian Ocean Territory		IO	IOT	086	IO	British Indian Ocean Territory	Diego Garcia	60	4000	AS	.io	USD	Dollar	246	BBND 1ZZ	BBND 1ZZ	en-IO	1282588			
https://places.org.ai/Country/Iraq	places.org.ai	Country	Iraq		Iraq		IQ	IRQ	368	IZ	Iraq	Baghdad	437072	38433600	AS	.iq	IQD	Dinar	964	#####	^(\d{5})$	ar-IQ,ku,hy	99237	SY,SA,IR,JO,TR,KW		
https://places.org.ai/Country/Iran	places.org.ai	Country	Iran		Iran		IR	IRN	364	IR	Iran	Tehran	1648000	81800269	AS	.ir	IRR	Rial	98	##########	^(\d{10})$	fa-IR,ku	130758	TM,AF,IQ,AM,PK,AZ,TR		
https://places.org.ai/Country/Iceland	places.org.ai	Country	Iceland		Iceland		IS	ISL	352	IC	Iceland	Reykjavik	103000	353574	EU	.is	ISK	Krona	354	###	^(\d{3})$	is,en,de,da,sv,no	2629691			
https://places.org.ai/Country/Italy	places.org.ai	Country	Italy		Italy		IT	ITA	380	IT	Italy	Rome	301230	60431283	EU	.it	EUR	Euro	39	#####	^(\d{5})$	it-IT,de-IT,fr-IT,sc,ca,co,sl	3175395	CH,VA,SI,SM,FR,AT		
https://places.org.ai/Country/Jersey	places.org.ai	Country	Jersey		Jersey		JE	JEY	832	JE	Jersey	Saint Helier	116	90812	EU	.je	GBP	Pound	+44-1534	@# #@@|@## #@@|@@# #@@|@@## #@@|@#@ #@@|@@#@ #@@|GIR0AA	^((?:(?:[A-PR-UWYZ][A-HK-Y]\d[ABEHMNPRV-Y0-9]|[A-PR-UWYZ]\d[A-HJKPS-UW0-9])\s\d[ABD-HJLNP-UW-Z]{2})|GIR\s?0AA)$	en,fr,nrf	3042142			
https://places.org.ai/Country/Jamaica	places.org.ai	Country	Jamaica		Jamaica		JM	JAM	388	JM	Jamaica	Kingston	10991	2934855	NA	.jm	JMD	Dollar	+1-876			en-JM	3489940			
https://places.org.ai/Country/Jordan	places.org.ai	Country	Jordan		Jordan		JO	JOR	400	JO	Jordan	Amman	92300	9956011	AS	.jo	JOD	Dinar	962	#####	^(\d{5})$	ar-JO,en	248816	SY,SA,IQ,IL,PS		
https://places.org.ai/Country/Japan	places.org.ai	Country	Japan		Japan		JP	JPN	392	JA	Japan	Tokyo	377835	126529100	AS	.jp	JPY	Yen	81	###-####	^\d{3}-\d{4}$	ja	1861060			
https://places.org.ai/Country/Kenya	places.org.ai	Country	Kenya		Kenya		KE	KEN	404	KE	Kenya	Nairobi	582650	51393010	AF	.ke	KES	Shilling	254	#####	^(\d{5})$	en-KE,sw-KE	192950	ET,TZ,SS,SO,UG		
https://places.org.ai/Country/Kyrgyzstan	places.org.ai	Country	Kyrgyzstan		Kyrgyzstan		KG	KGZ	417	KG	Kyrgyzstan	Bishkek	198500	6315800	AS	.kg	KGS	Som	996	######	^(\d{6})$	ky,uz,ru	1527747	CN,TJ,UZ,KZ		
https://places.org.ai/Country/Cambodia	places.org.ai	Country	Cambodia		Cambodia		KH	KHM	116	CB	Cambodia	Phnom Penh	181040	16249798	AS	.kh	KHR	Riels	855	#####	^(\d{5})$	km,fr,en	1831722	LA,TH,VN		
https://places.org.ai/Country/Kiribati	places.org.ai	Country	Kiribati		Kiribati		KI	KIR	296	KR	Kiribati	Tarawa	811	115847	OC	.ki	AUD	Dollar	686			en-KI,gil	4030945			
https://places.org.ai/Country/Comoros	places.org.ai	Country	Comoros		Comoros		KM	COM	174	CN	Comoros	Moroni	2170	832322	AF	.km	KMF	Franc	269			ar,fr-KM	921929			
https://places.org.ai/Country/SaintKittsAndNevis	places.org.ai	Country	SaintKittsAndNevis		Saint Kitts And Nevis		KN	KNA	659	SC	Saint Kitts and Nevis	Basseterre	261	52441	NA	.kn	XCD	Dollar	+1-869			en-KN	3575174			
https://places.org.ai/Country/NorthKorea	places.org.ai	Country	NorthKorea		North Korea		KP	PRK	408	KN	North Korea	Pyongyang	120540	25549819	AS	.kp	KPW	Won	850	###-###	^(\d{6})$	ko-KP	1873107	CN,KR,RU		
https://places.org.ai/Country/SouthKorea	places.org.ai	Country	SouthKorea		South Korea		KR	KOR	410	KS	South Korea	Seoul	98480	51635256	AS	.kr	KRW	Won	82	#####	^(\d{5})$	ko-KR,en	1835841	KP		
https://places.org.ai/Country/Kosovo	places.org.ai	Country	Kosovo		Kosovo		XK	XKX	0	KV	Kosovo	Pristina	10908	1845300	EU		EUR	Euro				sq,sr	831053	RS,AL,MK,ME		
https://places.org.ai/Country/Kuwait	places.org.ai	Country	Kuwait		Kuwait		KW	KWT	414	KU	Kuwait	Kuwait City	17820	4137309	AS	.kw	KWD	Dinar	965	#####	^(\d{5})$	ar-KW,en	285570	SA,IQ		
https://places.org.ai/Country/CaymanIslands	places.org.ai	Country	CaymanIslands		Cayman Islands		KY	CYM	136	CJ	Cayman Islands	George Town	262	64174	NA	.ky	KYD	Dollar	+1-345			en-KY	3580718			
https://places.org.ai/Country/Kazakhstan	places.org.ai	Country	Kazakhstan		Kazakhstan		KZ	KAZ	398	KZ	Kazakhstan	Nur-Sultan	2717300	18276499	AS	.kz	KZT	Tenge	7	######	^(\d{6})$	kk,ru	1522867	TM,CN,KG,UZ,RU		
https://places.org.ai/Country/Laos	places.org.ai	Country	Laos		Laos		LA	LAO	418	LA	Laos	Vientiane	236800	7061507	AS	.la	LAK	Kip	856	#####	^(\d{5})$	lo,fr,en	1655842	CN,MM,KH,TH,VN		
https://places.org.ai/Country/Lebanon	places.org.ai	Country	Lebanon		Lebanon		LB	LBN	422	LE	Lebanon	Beirut	10400	6848925	AS	.lb	LBP	Pound	961	#### ####|####	^(\d{4}(\d{4})?)$	ar-LB,fr-LB,en,hy	272103	SY,IL		
https://places.org.ai/Country/SaintLucia	places.org.ai	Country	SaintLucia		Saint Lucia		LC	LCA	662	ST	Saint Lucia	Castries	616	181889	NA	.lc	XCD	Dollar	+1-758			en-LC	3576468			
https://places.org.ai/Country/Liechtenstein	places.org.ai	Country	Liechtenstein		Liechtenstein		LI	LIE	438	LS	Liechtenstein	Vaduz	160	37910	EU	.li	CHF	Franc	423	####	^(\d{4})$	de-LI	3042058	CH,AT		
https://places.org.ai/Country/SriLanka	places.org.ai	Country	SriLanka		Sri Lanka		LK	LKA	144	CE	Sri Lanka	Colombo	65610	21670000	AS	.lk	LKR	Rupee	94	#####	^(\d{5})$	si,ta,en	1227603			
https://places.org.ai/Country/Liberia	places.org.ai	Country	Liberia		Liberia		LR	LBR	430	LI	Liberia	Monrovia	111370	4818977	AF	.lr	LRD	Dollar	231	####	^(\d{4})$	en-LR	2275384	SL,CI,GN		
https://places.org.ai/Country/Lesotho	places.org.ai	Country	Lesotho		Lesotho		LS	LSO	426	LT	Lesotho	Maseru	30355	2108132	AF	.ls	LSL	Loti	266	###	^(\d{3})$	en-LS,st,zu,xh	932692	ZA		
https://places.org.ai/Country/Lithuania	places.org.ai	Country	Lithuania		Lithuania		LT	LTU	440	LH	Lithuania	Vilnius	65200	2789533	EU	.lt	EUR	Euro	370	LT-#####	^(?:LT)*(\d{5})$	lt,ru,pl	597427	PL,BY,RU,LV		
https://places.org.ai/Country/Luxembourg	places.org.ai	Country	Luxembourg		Luxembourg		LU	LUX	442	LU	Luxembourg	Luxembourg	2586	607728	EU	.lu	EUR	Euro	352	L-####	^(?:L-)?\d{4}$	lb,de-LU,fr-LU	2960313	DE,BE,FR		
https://places.org.ai/Country/Latvia	places.org.ai	Country	Latvia		Latvia		LV	LVA	428	LG	Latvia	Riga	64589	1926542	EU	.lv	EUR	Euro	371	LV-####	^(?:LV)*(\d{4})$	lv,ru,lt	458258	LT,EE,BY,RU		
https://places.org.ai/Country/Libya	places.org.ai	Country	Libya		Libya		LY	LBY	434	LY	Libya	Tripoli	1759540	6678567	AF	.ly	LYD	Dinar	218			ar-LY,it,en	2215636	TD,NE,DZ,SD,TN,EG		
https://places.org.ai/Country/Morocco	places.org.ai	Country	Morocco		Morocco		MA	MAR	504	MO	Morocco	Rabat	446550	36029138	AF	.ma	MAD	Dirham	212	#####	^(\d{5})$	ar-MA,ber,fr	2542007	DZ,EH,ES		
https://places.org.ai/Country/Monaco	places.org.ai	Country	Monaco		Monaco		MC	MCO	492	MN	Monaco	Monaco	1.95	38682	EU	.mc	EUR	Euro	377	#####	^(\d{5})$	fr-MC,en,it	2993457	FR		
https://places.org.ai/Country/Moldova	places.org.ai	Country	Moldova		Moldova		MD	MDA	498	MD	Moldova	Chisinau	33843	3545883	EU	.md	MDL	Leu	373	MD-####	^MD-\d{4}$	ro,ru,gag,tr	617790	RO,UA		
https://places.org.ai/Country/Montenegro	places.org.ai	Country	Montenegro		Montenegro		ME	MNE	499	MJ	Montenegro	Podgorica	14026	622345	EU	.me	EUR	Euro	382	#####	^(\d{5})$	sr,hu,bs,sq,hr,rom	3194884	AL,HR,BA,RS,XK		
https://places.org.ai/Country/SaintMartin	places.org.ai	Country	SaintMartin		Saint Martin		MF	MAF	663	RN	Saint Martin	Marigot	53	37264	NA	.gp	EUR	Euro	590	#####	^(\d{5})$	fr	3578421	SX		
https://places.org.ai/Country/Madagascar	places.org.ai	Country	Madagascar		Madagascar		MG	MDG	450	MA	Madagascar	Antananarivo	587040	26262368	AF	.mg	MGA	Ariary	261	###	^(\d{3})$	fr-MG,mg	1062947			
https://places.org.ai/Country/MarshallIslands	places.org.ai	Country	MarshallIslands		Marshall Islands		MH	MHL	584	RM	Marshall Islands	Majuro	181.3	58413	OC	.mh	USD	Dollar	692	#####-####	^969\d{2}(-\d{4})$	mh,en-MH	2080185			
https://places.org.ai/Country/NorthMacedonia	places.org.ai	Country	NorthMacedonia		North Macedonia		MK	MKD	807	MK	North Macedonia	Skopje	25333	2082958	EU	.mk	MKD	Denar	389	####	^(\d{4})$	mk,sq,tr,rmm,sr	718075	AL,GR,BG,RS,XK		
https://places.org.ai/Country/Mali	places.org.ai	Country	Mali		Mali		ML	MLI	466	ML	Mali	Bamako	1240000	19077690	AF	.ml	XOF	Franc	223			fr-ML,bm	2453866	SN,NE,DZ,CI,GN,MR,BF		
https://places.org.ai/Country/Myanmar	places.org.ai	Country	Myanmar		Myanmar		MM	MMR	104	BM	Myanmar	Nay Pyi Taw	678500	53708395	AS	.mm	MMK	Kyat	95	#####	^(\d{5})$	my	1327865	CN,LA,TH,BD,IN		
https://places.org.ai/Country/Mongolia	places.org.ai	Country	Mongolia		Mongolia		MN	MNG	496	MG	Mongolia	Ulaanbaatar	1565000	3170208	AS	.mn	MNT	Tugrik	976	######	^(\d{6})$	mn,ru	2029969	CN,RU		
https://places.org.ai/Country/Macao	places.org.ai	Country	Macao		Macao		MO	MAC	446	MC	Macao	Macao	254	631636	AS	.mo	MOP	Pataca	853	######	^(\d{6})$	zh,zh-MO,pt	1821275			
https://places.org.ai/Country/NorthernMarianaIslands	places.org.ai	Country	NorthernMarianaIslands		Northern Mariana Islands		MP	MNP	580	CQ	Northern Mariana Islands	Saipan	477	56882	OC	.mp	USD	Dollar	+1-670	#####	^9695\d{1}$	fil,tl,zh,ch-MP,en-MP	4041468			
https://places.org.ai/Country/Martinique	places.org.ai	Country	Martinique		Martinique		MQ	MTQ	474	MB	Martinique	Fort-de-France	1100	432900	NA	.mq	EUR	Euro	596	#####	^(\d{5})$	fr-MQ	3570311			
https://places.org.ai/Country/Mauritania	places.org.ai	Country	Mauritania		Mauritania		MR	MRT	478	MR	Mauritania	Nouakchott	1030700	4403319	AF	.mr	MRU	Ouguiya	222			ar-MR,fuc,snk,fr,mey,wo	2378080	SN,DZ,EH,ML		
https://places.org.ai/Country/Montserrat	places.org.ai	Country	Montserrat		Montserrat		MS	MSR	500	MH	Montserrat	Plymouth	102	9341	NA	.ms	XCD	Dollar	+1-664			en-MS	3578097			
https://places.org.ai/Country/Malta	places.org.ai	Country	Malta		Malta		MT	MLT	470	MT	Malta	Valletta	316	483530	EU	.mt	EUR	Euro	356	@@@ ####	^[A-Z]{3}\s?\d{4}$	mt,en-MT	2562770			
https://places.org.ai/Country/Mauritius	places.org.ai	Country	Mauritius		Mauritius		MU	MUS	480	MP	Mauritius	Port Louis	2040	1265303	AF	.mu	MUR	Rupee	230			en-MU,bho,fr	934292			
https://places.org.ai/Country/Maldives	places.org.ai	Country	Maldives		Maldives		MV	MDV	462	MV	Maldives	Male	300	515696	AS	.mv	MVR	Rufiyaa	960	#####	^(\d{5})$	dv,en	1282028			
https://places.org.ai/Country/Malawi	places.org.ai	Country	Malawi		Malawi		MW	MWI	454	MI	Malawi	Lilongwe	118480	17563749	AF	.mw	MWK	Kwacha	265	######	^(\d{6})$	ny,yao,tum,swk	927384	TZ,MZ,ZM		
https://places.org.ai/Country/Mexico	places.org.ai	Country	Mexico		Mexico		MX	MEX	484	MX	Mexico	Mexico City	1972550	126190788	NA	.mx	MXN	Peso	52	#####	^(\d{5})$	es-MX	3996063	GT,US,BZ		
https://places.org.ai/Country/Malaysia	places.org.ai	Country	Malaysia		Malaysia		MY	MYS	458	MY	Malaysia	Kuala Lumpur	329750	31528585	AS	.my	MYR	Ringgit	60	#####	^(\d{5})$	ms-MY,en,zh,ta,te,ml,pa,th	1733045	BN,TH,ID		
https://places.org.ai/Country/Mozambique	places.org.ai	Country	Mozambique		Mozambique		MZ	MOZ	508	MZ	Mozambique	Maputo	801590	29495962	AF	.mz	MZN	Metical	258	####	^(\d{4})$	pt-MZ,vmw	1036973	ZW,TZ,SZ,ZA,ZM,MW		
https://places.org.ai/Country/Namibia	places.org.ai	Country	Namibia		Namibia		NA	NAM	516	WA	Namibia	Windhoek	825418	2448255	AF	.na	NAD	Dollar	264			en-NA,af,de,hz,naq	3355338	ZA,BW,ZM,AO		
https://places.org.ai/Country/NewCaledonia	places.org.ai	Country	NewCaledonia		New Caledonia		NC	NCL	540	NC	New Caledonia	Noumea	19060	284060	OC	.nc	XPF	Franc	687	#####	^(\d{5})$	fr-NC	2139685			
https://places.org.ai/Country/Niger	places.org.ai	Country	Niger		Niger		NE	NER	562	NG	Niger	Niamey	1267000	22442948	AF	.ne	XOF	Franc	227	####	^(\d{4})$	fr-NE,ha,kr,dje	2440476	TD,BJ,DZ,LY,BF,NG,ML		
https://places.org.ai/Country/NorfolkIsland	places.org.ai	Country	NorfolkIsland		Norfolk Island		NF	NFK	574	NF	Norfolk Island	Kingston	34.6	1828	OC	.nf	AUD	Dollar	672	####	^(\d{4})$	en-NF	2155115			
https://places.org.ai/Country/Nigeria	places.org.ai	Country	Nigeria		Nigeria		NG	NGA	566	NI	Nigeria	Abuja	923768	195874740	AF	.ng	NGN	Naira	234	######	^(\d{6})$	en-NG,ha,yo,ig,ff	2328926	TD,NE,BJ,CM		
https://places.org.ai/Country/Nicaragua	places.org.ai	Country	Nicaragua		Nicaragua		NI	NIC	558	NU	Nicaragua	Managua	129494	6465513	NA	.ni	NIO	Cordoba	505	###-###-#	^(\d{7})$	es-NI,en	3617476	CR,HN		
https://places.org.ai/Country/TheNetherlands	places.org.ai	Country	TheNetherlands		The Netherlands		NL	NLD	528	NL	The Netherlands	Amsterdam	41526	17231017	EU	.nl	EUR	Euro	31	#### @@	^(\d{4}\s?[a-zA-Z]{2})$	nl-NL,fy-NL	2750405	DE,BE		
https://places.org.ai/Country/Norway	places.org.ai	Country	Norway		Norway		NO	NOR	578	NO	Norway	Oslo	324220	5314336	EU	.no	NOK	Krone	47	####	^(\d{4})$	no,nb,nn,se,fi	3144096	FI,RU,SE		
https://places.org.ai/Country/Nepal	places.org.ai	Country	Nepal		Nepal		NP	NPL	524	NP	Nepal	Kathmandu	140800	28087871	AS	.np	NPR	Rupee	977	#####	^(\d{5})$	ne,en	1282988	CN,IN		
https://places.org.ai/Country/Nauru	places.org.ai	Country	Nauru		Nauru		NR	NRU	520	NR	Nauru	Yaren	21	12704	OC	.nr	AUD	Dollar	674	NRU68	NRU68	na,en-NR	2110425			
https://places.org.ai/Country/Niue	places.org.ai	Country	Niue		Niue		NU	NIU	570	NE	Niue	Alofi	260	2166	OC	.nu	NZD	Dollar	683	####	^(\d{4})$	niu,en-NU	4036232			
https://places.org.ai/Country/NewZealand	places.org.ai	Country	NewZealand		New Zealand		NZ	NZL	554	NZ	New Zealand	Wellington	268680	4885500	OC	.nz	NZD	Dollar	64	####	^(\d{4})$	en-NZ,mi	2186224			
https://places.org.ai/Country/Oman	places.org.ai	Country	Oman		Oman		OM	OMN	512	MU	Oman	Muscat	212460	4829483	AS	.om	OMR	Rial	968	###	^(\d{3})$	ar-OM,en,bal,ur	286963	SA,YE,AE		
https://places.org.ai/Country/Panama	places.org.ai	Country	Panama		Panama		PA	PAN	591	PM	Panama	Panama City	78200	4176873	NA	.pa	PAB	Balboa	507	#####	^(\d{5})$	es-PA,en	3703430	CR,CO		
https://places.org.ai/Country/Peru	places.org.ai	Country	Peru		Peru		PE	PER	604	PE	Peru	Lima	1285220	31989256	SA	.pe	PEN	Sol	51	#####	^(\d{5})$	es-PE,qu,ay	3932488	EC,CL,BO,BR,CO		
https://places.org.ai/Country/FrenchPolynesia	places.org.ai	Country	FrenchPolynesia		French Polynesia		PF	PYF	258	FP	French Polynesia	Papeete	4167	277679	OC	.pf	XPF	Franc	689	#####	^((97|98)7\d{2})$	fr-PF,ty	4030656			
https://places.org.ai/Country/PapuaNewGuinea	places.org.ai	Country	PapuaNewGuinea		Papua New Guinea		PG	PNG	598	PP	Papua New Guinea	Port Moresby	462840	8606316	OC	.pg	PGK	Kina	675	###	^(\d{3})$	en-PG,ho,meu,tpi	2088628	ID		
https://places.org.ai/Country/Philippines	places.org.ai	Country	Philippines		Philippines		PH	PHL	608	RP	Philippines	Manila	300000	106651922	AS	.ph	PHP	Peso	63	####	^(\d{4})$	tl,en-PH,fil,ceb,ilo,hil,war,pam,bik,bcl,pag,mrw,tsg,mdh,cbk,krj,sgd,msb,akl,ibg,yka,mta,abx	1694008			
https://places.org.ai/Country/Pakistan	places.org.ai	Country	Pakistan		Pakistan		PK	PAK	586	PK	Pakistan	Islamabad	803940	212215030	AS	.pk	PKR	Rupee	92	#####	^(\d{5})$	ur-PK,en-PK,pa,sd,ps,brh	1168579	CN,AF,IR,IN		
https://places.org.ai/Country/Poland	places.org.ai	Country	Poland		Poland		PL	POL	616	PL	Poland	Warsaw	312685	37978548	EU	.pl	PLN	Zloty	48	##-###	^\d{2}-\d{3}$	pl	798544	DE,LT,SK,CZ,BY,UA,RU		
https://places.org.ai/Country/SaintPierreAndMiquelon	places.org.ai	Country	SaintPierreAndMiquelon		Saint Pierre And Miquelon		PM	SPM	666	SB	Saint Pierre and Miquelon	Saint-Pierre	242	7012	NA	.pm	EUR	Euro	508	#####	^(97500)$	fr-PM	3424932			
https://places.org.ai/Country/Pitcairn	places.org.ai	Country	Pitcairn		Pitcairn		PN	PCN	612	PC	Pitcairn	Adamstown	47	46	OC	.pn	NZD	Dollar	870	PCRN 1ZZ	PCRN 1ZZ	en-PN	4030699			
https://places.org.ai/Country/PuertoRico	places.org.ai	Country	PuertoRico		Puerto Rico		PR	PRI	630	RQ	Puerto Rico	San Juan	9104	3195153	NA	.pr	USD	Dollar	+1-787 and 1-939	#####-####	^00[679]\d{2}(?:-\d{4})?$	en-PR,es-PR	4566966			
https://places.org.ai/Country/PalestinianTerritory	places.org.ai	Country	PalestinianTerritory		Palestinian Territory		PS	PSE	275	WE	Palestinian Territory	East Jerusalem	5970	4569087	AS	.ps	ILS	Shekel	970			ar-PS	6254930	JO,IL,EG		
https://places.org.ai/Country/Portugal	places.org.ai	Country	Portugal		Portugal		PT	PRT	620	PO	Portugal	Lisbon	92391	10281762	EU	.pt	EUR	Euro	351	####-###	^\d{4}-\d{3}\s?[a-zA-Z]{0,25}$	pt-PT,mwl	2264397	ES		
https://places.org.ai/Country/Palau	places.org.ai	Country	Palau		Palau		PW	PLW	585	PS	Palau	Melekeok	458	17907	OC	.pw	USD	Dollar	680	96940	^(96940)$	pau,sov,en-PW,tox,ja,fil,zh	1559582			
https://places.org.ai/Country/Paraguay	places.org.ai	Country	Paraguay		Paraguay		PY	PRY	600	PA	Paraguay	Asuncion	406750	6956071	SA	.py	PYG	Guarani	595	####	^(\d{4})$	es-PY,gn	3437598	BO,BR,AR		
https://places.org.ai/Country/Qatar	places.org.ai	Country	Qatar		Qatar		QA	QAT	634	QA	Qatar	Doha	11437	2781677	AS	.qa	QAR	Rial	974			ar-QA,es	289688	SA		
https://places.org.ai/Country/Reunion	places.org.ai	Country	Reunion		Reunion		RE	REU	638	RE	Reunion	Saint-Denis	2517	776948	AF	.re	EUR	Euro	262	#####	^((97|98)(4|7|8)\d{2})$	fr-RE	935317			
https://places.org.ai/Country/Romania	places.org.ai	Country	Romania		Romania		RO	ROU	642	RO	Romania	Bucharest	237500	19473936	EU	.ro	RON	Leu	40	######	^(\d{6})$	ro,hu,rom	798549	MD,HU,UA,BG,RS		
https://places.org.ai/Country/Serbia	places.org.ai	Country	Serbia		Serbia		RS	SRB	688	RI	Serbia	Belgrade	88361	6982084	EU	.rs	RSD	Dinar	381	#####	^(\d{5})$	sr,hu,bs,rom	6290252	AL,HU,MK,RO,HR,BA,BG,ME,XK		
https://places.org.ai/Country/Russia	places.org.ai	Country	Russia		Russia		RU	RUS	643	RS	Russia	Moscow	17100000	144478050	EU	.ru	RUB	Ruble	7	######	^(\d{6})$	ru,tt,xal,cau,ady,kv,ce,tyv,cv,udm,tut,mns,bua,myv,mdf,chm,ba,inh,kbd,krc,av,sah,nog	2017370	GE,CN,BY,UA,KZ,LV,PL,EE,LT,FI,MN,NO,AZ,KP		
https://places.org.ai/Country/Rwanda	places.org.ai	Country	Rwanda		Rwanda		RW	RWA	646	RW	Rwanda	Kigali	26338	12301939	AF	.rw	RWF	Franc	250			rw,en-RW,fr-RW,sw	49518	TZ,CD,BI,UG		
https://places.org.ai/Country/SaudiArabia	places.org.ai	Country	SaudiArabia		Saudi Arabia		SA	SAU	682	SA	Saudi Arabia	Riyadh	1960582	33699947	AS	.sa	SAR	Rial	966	#####	^(\d{5})$	ar-SA	102358	QA,OM,IQ,YE,JO,AE,KW		
https://places.org.ai/Country/SolomonIslands	places.org.ai	Country	SolomonIslands		Solomon Islands		SB	SLB	090	BP	Solomon Islands	Honiara	28450	652858	OC	.sb	SBD	Dollar	677			en-SB,tpi	2103350			
https://places.org.ai/Country/Seychelles	places.org.ai	Country	Seychelles		Seychelles		SC	SYC	690	SE	Seychelles	Victoria	455	96762	AF	.sc	SCR	Rupee	248			en-SC,fr-SC	241170			
https://places.org.ai/Country/Sudan	places.org.ai	Country	Sudan		Sudan		SD	SDN	729	SU	Sudan	Khartoum	1861484	41801533	AF	.sd	SDG	Pound	249	#####	^(\d{5})$	ar-SD,en,fia	366755	SS,TD,EG,ET,ER,LY,CF		
https://places.org.ai/Country/SouthSudan	places.org.ai	Country	SouthSudan		South Sudan		SS	SSD	728	OD	South Sudan	Juba	644329	8260490	AF	.ss	SSP	Pound	211			en	7909807	CD,CF,ET,KE,SD,UG		
https://places.org.ai/Country/Sweden	places.org.ai	Country	Sweden		Sweden		SE	SWE	752	SW	Sweden	Stockholm	449964	10183175	EU	.se	SEK	Krona	46	### ##	^(?:SE)?\d{3}\s\d{2}$	sv-SE,se,sma,fi-SE	2661886	NO,FI		
https://places.org.ai/Country/Singapore	places.org.ai	Country	Singapore		Singapore		SG	SGP	702	SN	Singapore	Singapore	692.7	5638676	AS	.sg	SGD	Dollar	65	######	^(\d{6})$	cmn,en-SG,ms-SG,ta-SG,zh-SG	1880251			
https://places.org.ai/Country/SaintHelena	places.org.ai	Country	SaintHelena		Saint Helena		SH	SHN	654	SH	Saint Helena	Jamestown	410	7460	AF	.sh	SHP	Pound	290	STHL 1ZZ	^(STHL1ZZ)$	en-SH	3370751			
https://places.org.ai/Country/Slovenia	places.org.ai	Country	Slovenia		Slovenia		SI	SVN	705	SI	Slovenia	Ljubljana	20273	2067372	EU	.si	EUR	Euro	386	####	^(?:SI)*(\d{4})$	sl,sh	3190538	HU,IT,HR,AT		
https://places.org.ai/Country/SvalbardAndJanMayen	places.org.ai	Country	SvalbardAndJanMayen		Svalbard And Jan Mayen		SJ	SJM	744	SV	Svalbard and Jan Mayen	Longyearbyen	62049	2550	EU	.sj	NOK	Krone	47	####	^(\d{4})$	no,ru	607072			
https://places.org.ai/Country/Slovakia	places.org.ai	Country	Slovakia		Slovakia		SK	SVK	703	LO	Slovakia	Bratislava	48845	5447011	EU	.sk	EUR	Euro	421	### ##	^\d{3}\s?\d{2}$	sk,hu	3057568	PL,HU,CZ,UA,AT		
https://places.org.ai/Country/SierraLeone	places.org.ai	Country	SierraLeone		Sierra Leone		SL	SLE	694	SL	Sierra Leone	Freetown	71740	7650154	AF	.sl	SLE	Leone	232			en-SL,men,tem	2403846	LR,GN		
https://places.org.ai/Country/SanMarino	places.org.ai	Country	SanMarino		San Marino		SM	SMR	674	SM	San Marino	San Marino	61.2	33785	EU	.sm	EUR	Euro	378	4789#	^(4789\d)$	it-SM	3168068	IT		
https://places.org.ai/Country/Senegal	places.org.ai	Country	Senegal		Senegal		SN	SEN	686	SG	Senegal	Dakar	196190	15854360	AF	.sn	XOF	Franc	221	#####	^(\d{5})$	fr-SN,wo,fuc,mnk	2245662	GN,MR,GW,GM,ML		
https://places.org.ai/Country/Somalia	places.org.ai	Country	Somalia		Somalia		SO	SOM	706	SO	Somalia	Mogadishu	637657	15008154	AF	.so	SOS	Shilling	252	@@  #####	^([A-Z]{2}\d{5})$	so-SO,ar-SO,it,en-SO	51537	ET,KE,DJ		
https://places.org.ai/Country/Suriname	places.org.ai	Country	Suriname		Suriname		SR	SUR	740	NS	Suriname	Paramaribo	163270	575991	SA	.sr	SRD	Dollar	597			nl-SR,en,srn,hns,jv	3382998	GY,BR,GF		
https://places.org.ai/Country/SaoTomeAndPrincipe	places.org.ai	Country	SaoTomeAndPrincipe		Sao Tome And Principe		ST	STP	678	TP	Sao Tome and Principe	Sao Tome	1001	197700	AF	.st	STN	Dobra	239			pt-ST	2410758			
https://places.org.ai/Country/ElSalvador	places.org.ai	Country	ElSalvador		El Salvador		SV	SLV	222	ES	El Salvador	San Salvador	21040	6420744	NA	.sv	USD	Dollar	503	CP ####	^(?:CP)*(\d{4})$	es-SV	3585968	GT,HN		
https://places.org.ai/Country/SintMaarten	places.org.ai	Country	SintMaarten		Sint Maarten		SX	SXM	534	NN	Sint Maarten	Philipsburg	21	40654	NA	.sx	XCG	Guilder	599			nl,en	7609695	MF		
https://places.org.ai/Country/Syria	places.org.ai	Country	Syria		Syria		SY	SYR	760	SY	Syria	Damascus	185180	16906283	AS	.sy	SYP	Pound	963			ar-SY,ku,hy,arc,fr,en	163843	IQ,JO,IL,TR,LB		
https://places.org.ai/Country/Eswatini	places.org.ai	Country	Eswatini		Eswatini		SZ	SWZ	748	WZ	Eswatini	Mbabane	17363	1136191	AF	.sz	SZL	Lilangeni	268	@###	^([A-Z]\d{3})$	en-SZ,ss-SZ	934841	ZA,MZ		
https://places.org.ai/Country/TurksAndCaicosIslands	places.org.ai	Country	TurksAndCaicosIslands		Turks And Caicos Islands		TC	TCA	796	TK	Turks and Caicos Islands	Cockburn Town	430	37665	NA	.tc	USD	Dollar	+1-649	TKCA 1ZZ	^(TKCA 1ZZ)$	en-TC	3576916			
https://places.org.ai/Country/Chad	places.org.ai	Country	Chad		Chad		TD	TCD	148	CD	Chad	N'Djamena	1284000	15477751	AF	.td	XAF	Franc	235	TKCA 1ZZ	^(TKCA 1ZZ)$	fr-TD,ar-TD,sre	2434508	NE,LY,CF,SD,CM,NG		
https://places.org.ai/Country/FrenchSouthernTerritories	places.org.ai	Country	FrenchSouthernTerritories		French Southern Territories		TF	ATF	260	FS	French Southern Territories	Port-aux-Francais	7829	140	AN	.tf	EUR	Euro				fr	1546748			
https://places.org.ai/Country/Togo	places.org.ai	Country	Togo		Togo		TG	TGO	768	TO	Togo	Lome	56785	7889094	AF	.tg	XOF	Franc	228			fr-TG,ee,hna,kbp,dag,ha	2363686	BJ,GH,BF		
https://places.org.ai/Country/Thailand	places.org.ai	Country	Thailand		Thailand		TH	THA	764	TH	Thailand	Bangkok	514000	69428524	AS	.th	THB	Baht	66	#####	^(\d{5})$	th,en	1605651	LA,MM,KH,MY		
https://places.org.ai/Country/Tajikistan	places.org.ai	Country	Tajikistan		Tajikistan		TJ	TJK	762	TI	Tajikistan	Dushanbe	143100	9100837	AS	.tj	TJS	Somoni	992	######	^(\d{6})$	tg,ru	1220409	CN,AF,KG,UZ		
https://places.org.ai/Country/Tokelau	places.org.ai	Country	Tokelau		Tokelau		TK	TKL	772	TL	Tokelau		10	1466	OC	.tk	NZD	Dollar	690			tkl,en-TK	4031074			
https://places.org.ai/Country/TimorLeste	places.org.ai	Country	TimorLeste		Timor Leste		TL	TLS	626	TT	Timor Leste	Dili	15007	1267972	OC	.tl	USD	Dollar	670			tet,pt-TL,id,en	1966436	ID		
https://places.org.ai/Country/Turkmenistan	places.org.ai	Country	Turkmenistan		Turkmenistan		TM	TKM	795	TX	Turkmenistan	Ashgabat	488100	5850908	AS	.tm	TMT	Manat	993	######	^(\d{6})$	tk,ru,uz	1218197	AF,IR,UZ,KZ		
https://places.org.ai/Country/Tunisia	places.org.ai	Country	Tunisia		Tunisia		TN	TUN	788	TS	Tunisia	Tunis	163610	11565204	AF	.tn	TND	Dinar	216	####	^(\d{4})$	ar-TN,fr	2464461	DZ,LY		
https://places.org.ai/Country/Tonga	places.org.ai	Country	Tonga		Tonga		TO	TON	776	TN	Tonga	Nuku'alofa	748	103197	OC	.to	TOP	Pa'anga	676			to,en-TO	4032283			
https://places.org.ai/Country/Turkey	places.org.ai	Country	Turkey		Turkey		TR	TUR	792	TU	Turkey	Ankara	780580	82319724	AS	.tr	TRY	Lira	90	#####	^(\d{5})$	tr-TR,ku,diq,az,av	298795	SY,GE,IQ,IR,GR,AM,AZ,BG		
https://places.org.ai/Country/TrinidadAndTobago	places.org.ai	Country	TrinidadAndTobago		Trinidad And Tobago		TT	TTO	780	TD	Trinidad and Tobago	Port of Spain	5128	1389858	NA	.tt	TTD	Dollar	+1-868			en-TT,hns,fr,es,zh	3573591			
https://places.org.ai/Country/Tuvalu	places.org.ai	Country	Tuvalu		Tuvalu		TV	TUV	798	TV	Tuvalu	Funafuti	26	11508	OC	.tv	AUD	Dollar	688			tvl,en,sm,gil	2110297			
https://places.org.ai/Country/Taiwan	places.org.ai	Country	Taiwan		Taiwan		TW	TWN	158	TW	Taiwan	Taipei	35980	23451837	AS	.tw	TWD	Dollar	886	#####	^(\d{5})$	zh-TW,zh,nan,hak	1668284			
https://places.org.ai/Country/Tanzania	places.org.ai	Country	Tanzania		Tanzania		TZ	TZA	834	TZ	Tanzania	Dodoma	945087	56318348	AF	.tz	TZS	Shilling	255			sw-TZ,en,ar	149590	MZ,KE,CD,RW,ZM,BI,UG,MW		
https://places.org.ai/Country/Ukraine	places.org.ai	Country	Ukraine		Ukraine		UA	UKR	804	UP	Ukraine	Kyiv	603700	44622516	EU	.ua	UAH	Hryvnia	380	#####	^(\d{5})$	uk,ru-UA,rom,pl,hu	690791	PL,MD,HU,SK,BY,RO,RU		
https://places.org.ai/Country/Uganda	places.org.ai	Country	Uganda		Uganda		UG	UGA	800	UG	Uganda	Kampala	236040	42723139	AF	.ug	UGX	Shilling	256			en-UG,lg,sw,ar	226074	TZ,KE,SS,CD,RW		
https://places.org.ai/Country/UnitedStatesMinorOutlyingIslands	places.org.ai	Country	UnitedStatesMinorOutlyingIslands		United States Minor Outlying Islands		UM	UMI	581		United States Minor Outlying Islands		0	0	OC	.um	USD	Dollar	1			en-UM	5854968			
https://places.org.ai/Country/UnitedStates	places.org.ai	Country	UnitedStates		United States		US	USA	840	US	United States	Washington	9629091	327167434	NA	.us	USD	Dollar	1	#####-####	^\d{5}(-\d{4})?$	en-US,es-US,haw,fr	6252001	CA,MX,CU		
https://places.org.ai/Country/Uruguay	places.org.ai	Country	Uruguay		Uruguay		UY	URY	858	UY	Uruguay	Montevideo	176220	3449299	SA	.uy	UYU	Peso	598	#####	^(\d{5})$	es-UY	3439705	BR,AR		
https://places.org.ai/Country/Uzbekistan	places.org.ai	Country	Uzbekistan		Uzbekistan		UZ	UZB	860	UZ	Uzbekistan	Tashkent	447400	32955400	AS	.uz	UZS	Som	998	######	^(\d{6})$	uz,ru,tg	1512440	TM,AF,KG,TJ,KZ		
https://places.org.ai/Country/Vatican	places.org.ai	Country	Vatican		Vatican		VA	VAT	336	VT	Vatican	Vatican City	0.44	921	EU	.va	EUR	Euro	379	#####	^(\d{5})$	la,it,fr	3164670	IT		
https://places.org.ai/Country/SaintVincentAndTheGrenadines	places.org.ai	Country	SaintVincentAndTheGrenadines		Saint Vincent And The Grenadines		VC	VCT	670	VC	Saint Vincent and the Grenadines	Kingstown	389	110211	NA	.vc	XCD	Dollar	+1-784			en-VC,fr	3577815			
https://places.org.ai/Country/Venezuela	places.org.ai	Country	Venezuela		Venezuela		VE	VEN	862	VE	Venezuela	Caracas	912050	28870195	SA	.ve	VES	Bolivar Soberano	58	####	^(\d{4})$	es-VE	3625428	GY,BR,CO		
https://places.org.ai/Country/BritishVirginIslands	places.org.ai	Country	BritishVirginIslands		British Virgin Islands		VG	VGB	092	VI	British Virgin Islands	Road Town	153	29802	NA	.vg	USD	Dollar	+1-284			en-VG	3577718			
https://places.org.ai/Country/UsVirginIslands	places.org.ai	Country	UsVirginIslands		Us Virgin Islands		VI	VIR	850	VQ	U.S. Virgin Islands	Charlotte Amalie	352	106977	NA	.vi	USD	Dollar	+1-340	#####-####	^008\d{2}(?:-\d{4})?$	en-VI	4796775			
https://places.org.ai/Country/Vietnam	places.org.ai	Country	Vietnam		Vietnam		VN	VNM	704	VM	Vietnam	Hanoi	329560	95540395	AS	.vn	VND	Dong	84	######	^(\d{6})$	vi,en,fr,zh,km	1562822	CN,LA,KH		
https://places.org.ai/Country/Vanuatu	places.org.ai	Country	Vanuatu		Vanuatu		VU	VUT	548	NH	Vanuatu	Port Vila	12200	292680	OC	.vu	VUV	Vatu	678			bi,en-VU,fr-VU	2134431			
https://places.org.ai/Country/WallisAndFutuna	places.org.ai	Country	WallisAndFutuna		Wallis And Futuna		WF	WLF	876	WF	Wallis and Futuna	Mata Utu	274	16025	OC	.wf	XPF	Franc	681	#####	^(986\d{2})$	wls,fud,fr-WF	4034749			
https://places.org.ai/Country/Samoa	places.org.ai	Country	Samoa		Samoa		WS	WSM	882	WS	Samoa	Apia	2944	196130	OC	.ws	WST	Tala	685	AS 96799	AS 96799	sm,en-WS	4034894			
https://places.org.ai/Country/Yemen	places.org.ai	Country	Yemen		Yemen		YE	YEM	887	YM	Yemen	Sanaa	527970	28498687	AS	.ye	YER	Rial	967			ar-YE	69543	SA,OM		
https://places.org.ai/Country/Mayotte	places.org.ai	Country	Mayotte		Mayotte		YT	MYT	175	MF	Mayotte	Mamoudzou	374	279471	AF	.yt	EUR	Euro	262	#####	^(\d{5})$	fr-YT	1024031			
https://places.org.ai/Country/SouthAfrica	places.org.ai	Country	SouthAfrica		South Africa		ZA	ZAF	710	SF	South Africa	Pretoria	1219912	57779622	AF	.za	ZAR	Rand	27	####	^(\d{4})$	zu,xh,af,nso,en-ZA,tn,st,ts,ss,ve,nr	953987	ZW,SZ,MZ,BW,NA,LS		
https://places.org.ai/Country/Zambia	places.org.ai	Country	Zambia		Zambia		ZM	ZMB	894	ZA	Zambia	Lusaka	752614	17351822	AF	.zm	ZMW	Kwacha	260	#####	^(\d{5})$	en-ZM,bem,loz,lun,lue,ny,toi	895949	ZW,TZ,MZ,CD,NA,MW,AO		
https://places.org.ai/Country/Zimbabwe	places.org.ai	Country	Zimbabwe		Zimbabwe		ZW	ZWE	716	ZI	Zimbabwe	Harare	390580	16868409	AF	.zw	ZWG	Zimbabwe Gold	263			en-ZW,sn,nr,nd	878675	ZA,MZ,BW,ZM		
https://places.org.ai/Country/SerbiaAndMontenegro	places.org.ai	Country	SerbiaAndMontenegro		Serbia And Montenegro		CS	SCG	891	YI	Serbia and Montenegro	Belgrade	102350	10829175	EU	.cs	RSD	Dinar	381	#####	^(\d{5})$	cu,hu,sq,sr	8505033	AL,HU,MK,RO,HR,BA,BG		
https://places.org.ai/Country/NetherlandsAntilles	places.org.ai	Country	NetherlandsAntilles		Netherlands Antilles		AN	ANT	530	NT	Netherlands Antilles	Willemstad	960	300000	NA	.an	ANG	Guilder	599			nl-AN,en,es	8505032	GP		