mediaId	appId
Email	10minutemail
YouTube	24sessions
YouTube	A.v.Mapping
YouTube	AcquiaDam
Email	ActionNetwork
Email	ActivecampaignPostmark
Email	Acumbamail
Email	Acymailing
Email	AddressGuard
Email	Adestra
SocialMedia	Adhook
YouTube	Adificial
SocialMedia	Agorapulse
YouTube	AiStudios
YouTube	Amberscript
Email	Amitree
Email	AnymailFinder
YouTube	Api.video
SocialMedia	Appsorteos
SocialMedia	Are.na
YouTube	ArticleVideoRobot
Email	Audienceful
YouTube	Audiogram
YouTube	Audius
YouTube	Audome
YouTube	Auphonic
Blog	Autoblogger
Email	Autoklose
Email	Aweber
Email	Beehiiv
Email	BenchmarkEmail
SocialMedia	Bettermode
Email	BeyondRelationshipMarketing
YouTube	Bhuman
Email	Bigmailer
Email	Birdsend
SocialMedia	Bl.ink
Blog	Blogger
Blog	Blogify
Blog	Blogin
YouTube	Bluedot
Email	BluefoxEmail
YouTube	BluejeansEvents
YouTube	BluejeansMeetings
SocialMedia	Bluesky
SocialMedia	BlueskyUnshape
SocialMedia	BlueSocial
Email	Bluetick.io
Email	Bombbomb.com
YouTube	Boords
Email	Bouncer
Email	Bouncify
SocialMedia	Brandchamp
Email	Breakcold
Email	Brevo
Email	Briteverify
SocialMedia	Buffer
Email	BuilderallMailingboss
Email	Buttondown
YouTube	Buzzvid
Email	ByteplantEmailValidator
Email	Cakemail
Email	Camhdk
Email	CampaignCleaner
Email	Campaignhq
Email	CampaignMonitor
Email	Campayn
SocialMedia	Capssion
YouTube	Captions
YouTube	Castos
YouTube	CausevidEssentials
Email	Ceipal
SocialMedia	Chatfuel
SocialMedia	Churchpool
YouTube	Cincopa
YouTube	CinesendDemand
YouTube	CiscoWebexMeetings
Email	Clanica
Email	Cleansify
Email	Clearout
Email	CleverElements
Email	Cleverreach
YouTube	Clickmeeting
YouTube	Clipcat
Email	Cloudsponge
YouTube	CollaborateSpace
Email	ColligsoMailin
YouTube	Colossyan
SocialMedia	CommuniApp
Email	Connect365
YouTube	Consolto
Email	ConstantContact
YouTube	Contentgroove
SocialMedia	Contentstudio
Email	Creamailer
Email	Createsend
YouTube	Creatomate
SocialMedia	Crowdfire
SocialMedia	Curatebase
Email	Curated
Email	CuratedLetters
Email	Customer.io
Email	Cyberimpact
YouTube	Daily.co
YouTube	DataclayQue
Email	Debounce
SocialMedia	Determ
Email	Dibbi
SocialMedia	DigimindSocial
YouTube	DigitalPigeon
Email	Dinamize
Email	Directiq
Email	DirectMail
SocialMedia	Discourse
Email	Docsify
YouTube	Dolby.io
Email	Doppler
SocialMedia	Dotsimple
Email	Dreamcampaigns
SocialMedia	Dribbble
Email	Drip
Blog	Dropinblog
SocialMedia	DscribeAi
Email	EasyEmailVerification
Email	Ecoemails
Email	Ecosend
YouTube	Edisen
Email	Ediware
Email	Efinder.io
YouTube	Elai
Email	ElasticEmail
Email	Elink
SocialMedia	Ellipsend
Email	Emailchef
Email	EmailHippo
Email	Emailjs
Email	Emaillistverify
Email	Emailoctopus
Email	Emailoversight
Email	EmailParserZapier
Email	Emailvalidation
Email	Emailverify.io
SocialMedia	Embedsocial
Email	Emblue
YouTube	Emeezo
Email	Emelia
Email	Emma
SocialMedia	EmployeeAdvocacySproutSocial
SocialMedia	Empowr.ai
Email	Enormail
Email	Enrow
Email	Envoke
Email	EShot
SocialMedia	Exportcomments
SocialMedia	Falcon.io
Email	Fanbridge
Email	Fastmail
SocialMedia	Feedhive
SocialMedia	Feedly
Email	FiredrumEmailMarketing
Email	Flexmail
YouTube	Fliki
Email	Flodesk
YouTube	FlowApp
YouTube	Flutin
Email	Follow.it
SocialMedia	Foursquare
SocialMedia	Gaggleamp
YouTube	Gather
YouTube	Getscreenshot
Email	GlobalIntellisystems
SocialMedia	Glowlocal
YouTube	Gloww
Email	Gmail
Email	Gmass
Email	Gmx
YouTube	Gobrunch
YouTube	GotoMeeting
Email	GozenHyperreach.ai
YouTube	Gratavid
SocialMedia	GreatlySocial
SocialMedia	Groupified
Email	Grow
YouTube	Gruveo
YouTube	Gumlet
YouTube	Hapony
YouTube	HelloAudio
YouTube	HippoVideo
YouTube	Hiro.fm
Email	Hiver
Email	Homeactions
SocialMedia	Honeycommb
SocialMedia	Hootsuite
SocialMedia	Hopscotch
SocialMedia	Iconosquare
Email	Icontact
Blog	Inblog
Email	Inbound
Email	Inbox
Email	Industrynewsletters
Email	Infomail
SocialMedia	Inksprout
YouTube	Insidr
SocialMedia	Insightiq
Email	Instantly
Email	Instiller
SocialMedia	IntegrationSocial
YouTube	IntermediaAnymeeting
Email	Ipost
Email	Iterable
YouTube	Jetwebinar
Blog	Joblogic
YouTube	Join.me
Email	JoinText
YouTube	JwPlayer
YouTube	Kaltura
Email	KendoEmail
Email	Kickbox
Email	Kirim.email
Email	Kit
Email	Klenty
SocialMedia	KoFi
SocialMedia	KonnectInsights
Email	Laposta
YouTube	LastVideo
SocialMedia	Later.com
SocialMedia	Leadmetrics
Email	Leadshield
YouTube	LegendaryAudio
Email	Lemlist
Email	Let'sCalendar
Email	Letterhead
Email	Lettermint
Email	Lianamailer
Email	Listclean
YouTube	Livewebinar
SocialMedia	Lnk.bio
SocialMedia	Loomly
Email	Loops
Email	Mailazy
Email	MailBlaze
Email	Mailboxvalidator
Email	Mailcheck
Email	MailchimpTransactional
Email	Maildrip
Email	Maildroppa
Email	Maileon
Email	Mailercheck
Email	Mailercloud
Email	MailerliteClassic
Email	Maileroo
Email	Mailerrrize
Email	Mailersend
Email	Mailfloss
Email	Mailgun
Email	Mailifier
Email	Mailinator
Email	Mailjet
Email	Mailmojo
Email	Mailninja
Email	Mailparser
Email	Mailrelay
Email	Mailshake
Email	MailslurpEmailPlugin
Email	Mailsoftly
Email	Mailsuite
Email	Mailtrap
Email	Mailup
Email	Mailvio
Email	Mailwizz
Email	Mailxpert
SocialMedia	Manychat
Email	Manyreach
SocialMedia	MastodonFediverseUnshape
SocialMedia	Maybe*
YouTube	MediasiloLegacy
SocialMedia	Meetedgar
YouTube	MeetHour
YouTube	Membership.io
SocialMedia	Messengerpeople.dev
SocialMedia	Metricool
Email	MicrosoftExchange
Email	Millionverifier
Email	Mimepost
Email	Mindbaz
YouTube	Mindstamp
Email	Minutemailer
Email	Mission‹one›Dialog+
Email	Mixmax
YouTube	Modeck
YouTube	Momindum
YouTube	Moovly
YouTube	Motionbox
Email	MslmCloudEmailVerify
YouTube	Muvi
SocialMedia	MyMostTrustedNetwork
SocialMedia	NetbaseQuid
Email	Neverbounce
Email	Newsletter2go
Email	Newsman
SocialMedia	Ning
SocialMedia	NomadWay
SocialMedia	Nuelink
Email	Nureply
SocialMedia	Ocoya
YouTube	Odeum
Email	Ohwo
YouTube	Okast
SocialMedia	Oktopost
Email	Omnivery
SocialMedia	Oneall
SocialMedia	Oneup
Email	OptimizelyCampaign
Email	OracleEloqua
SocialMedia	Outfy
Email	PacedEmail
Email	Parserr
SocialMedia	PenguinPilot
Email	Pepipost
Email	Perfit
YouTube	Pictory
SocialMedia	Pillar
Email	Pinpointe
SocialMedia	Pinterest
YouTube	Plainly
SocialMedia	Planable
SocialMedia	Planly
YouTube	Playfilm
YouTube	Podbitesai
YouTube	Podcast.co
Podcast	Podcast.co
YouTube	Podhome
YouTube	Polycom
Email	Poodle
SocialMedia	Postfast
SocialMedia	PostingAutomation
Email	Postmaster+
SocialMedia	Postnitro
SocialMedia	Postpone
YouTube	Potion
SocialMedia	ProductHunt
Email	Proofy
Email	Protonmail
Email	Proxiedmail
Email	Purechecker
Email	Quickemailverification
Email	Quickmail
SocialMedia	Radaar
YouTube	Radio.co
SocialMedia	Rafflys
Email	Rasa.io
Email	Reachinbox
Email	Reachmail
Email	Realmail
Email	Rebump
SocialMedia	Recurpost
SocialMedia	Reddit
YouTube	Reduct
YouTube	Rendi
YouTube	Repliq
Email	Resend
SocialMedia	Resont
Email	Responderרבמסר
YouTube	Ricoh360Tours
SocialMedia	Robopost
Email	Rocketreach
Email	Rollworks
YouTube	Room
SocialMedia	RssGround
YouTube	RunWorld
Email	Safetymails
Email	Salesquared
YouTube	Samply
Email	Sarbacane
Email	SarbacaneEngage
Email	ScalewayTransactionalEmail
SocialMedia	Scope
Email	Selzy
Email	Send47
Email	Sendbuddy
Email	Sender
Email	Sendfox
Email	Sendgrid
SocialMedia	Sendible
Email	Sendiio
Email	Sendlane
Email	Sendloop
Email	Sendmails
Email	Sendmunk
Email	Sendpulse
YouTube	Sendr
YouTube	Sendspark
Email	Sendsquared
Email	Sendy
Email	Sensorpro
YouTube	Shindig
SocialMedia	Shopper.com
YouTube	Shotstack
YouTube	Shuffll
SocialMedia	SimpleSocial
SocialMedia	SinaWeibo
SocialMedia	Sinch
SocialMedia	Sindup
SocialMedia	SkedSocial
YouTube	Slashedcloud
Email	Smaily
SocialMedia	Smarp
Email	Smartemailing
Email	Smartreach
Email	Smartrmail
Email	SmashsendEmailMarketing
Email	Smtp.com
Email	Smtphooks.io
YouTube	Snapcall
SocialMedia	Socialbee
SocialMedia	All-in-One Tools and Services for Content Posting & Recycling, Follower Growth, Engagement, and More
SocialMedia	SocialBlaze
SocialMedia	SocialChamp
SocialMedia	Socialgest
SocialMedia	Socialglow
SocialMedia	SocialgrepAlerts
SocialMedia	SocialIntents
SocialMedia	Socialkit
SocialMedia	Sociallair
SocialMedia	Socialpilot
SocialMedia	SocialpilotReviews
SocialMedia	SocialPostFlow
SocialMedia	SocialSnowball
SocialMedia	Socialweaver
SocialMedia	SocialWifi
SocialMedia	Sorted
YouTube	Soundcloud
Email	Sparkpost
YouTube	Spoke
YouTube	Spotify
Email	SpotlerMail+
SocialMedia	Spredfast
SocialMedia	SproutSocial
YouTube	Sproutvideo
Email	Spylead
YouTube	Squadcast
Email	Squalomail
SocialMedia	Stocktwits
YouTube	Storyprompt
YouTube	Storytap
Email	Streamsend
Email	Success.ai
Blog	Superblog
Email	SwissNewsletter
SocialMedia	Syften
SocialMedia	Taggbox
Email	Tailoredmail
SocialMedia	Taplio
YouTube	Tayl
SocialMedia	TextaAutopilot
YouTube	Teyuto
Email	Themarketer
SocialMedia	ThreadsUnshape
SocialMedia	Tikhub
Email	Trafficwave.net
YouTube	Transistor.fm
SocialMedia	TribeSocial
YouTube	Trimmr
Email	Truemail
Email	Turbosmtp
SocialMedia	TweetHunter
SocialMedia	Tweetpik
YouTube	TwentythreePersonal
SocialMedia	Twitvid
SocialMedia	Typefully
Email	Ubivox
Email	Unione
Email	Unisender
SocialMedia	Upfluence
Email	Upscribe
YouTube	Uscreen
Email	Validto
Email	Verifalia
Email	Verifi.email
Email	Verifiedemail
Email	Verify550
Email	Vero
Email	Verticalresponse
YouTube	Vibo
YouTube	Vidalytics
YouTube	Videnly
YouTube	Videoask
YouTube	VideoAvatarPro
YouTube	VideoBlog
Blog	VideoBlog
YouTube	VideoconferenceAttendanceTakerBluesky
YouTube	Videodb
YouTube	Videogamesuite
YouTube	Videomagic
YouTube	Videopeel
YouTube	Videoremix
YouTube	Videorequest
YouTube	Vidyard
YouTube	Vimeo
YouTube	Viqeo
Email	VirtualSummitsSoftware
YouTube	Visibot
SocialMedia	VistaSocial
YouTube	Vivomeetings
SocialMedia	Vk
YouTube	VocalVideo
YouTube	VoicemailtelMeet
YouTube	Vooplayer
YouTube	Vyond
SocialMedia	WalledGarden
SocialMedia	Walls.io
Email	Wavo
SocialMedia	Wavve
Email	Webbula
Email	Webpower
SocialMedia	Whaller
Email	Whatcounts
Email	WheelPopups
YouTube	Wideo
YouTube	Wistia
Email	Woodpecker.co
YouTube	Workadventure
YouTube	Wowing.video
YouTube	Wowto
SocialMedia	Woxo
YouTube	Yourcharlie
YouTube	Youtube
Email	Zagomail
YouTube	Zapcap
Email	Zerobounce
YouTube	Ziggeo
Email	ZohoMail
YouTube	ZohoMeeting
SocialMedia	ZohoSocial
Email	ZohoZeptomail
YouTube	Zoom