url	ns	type	id	name	description	code
https://onet.org.ai/WorkContext/Public_Speaking	onet.org.ai	WorkContext	Public_Speaking	Public Speaking	Public Speaking	4.C.1.a.2.c
https://onet.org.ai/WorkContext/Telephone_Conversations	onet.org.ai	WorkContext	Telephone_Conversations	Telephone Conversations	Telephone Conversations	4.C.1.a.2.f
https://onet.org.ai/WorkContext/E-Mail	onet.org.ai	WorkContext	E-Mail	E-Mail	E-Mail	4.C.1.a.2.h
https://onet.org.ai/WorkContext/Written_Letters_and_Memos	onet.org.ai	WorkContext	Written_Letters_and_Memos	Written Letters and Memos	Written Letters and Memos	4.C.1.a.2.j
https://onet.org.ai/WorkContext/Face-to-Face_Discussions_with_Individuals_and_Within_Teams	onet.org.ai	WorkContext	Face-to-Face_Discussions_with_Individuals_and_Within_Teams	Face-to-Face Discussions with Individuals and Within Teams	Face-to-Face Discussions with Individuals and Within Teams	4.C.1.a.2.l
https://onet.org.ai/WorkContext/Contact_With_Others	onet.org.ai	WorkContext	Contact_With_Others	Contact With Others	Contact With Others	4.C.1.a.4
https://onet.org.ai/WorkContext/Work_With_or_Contribute_to_a_Work_Group_or_Team	onet.org.ai	WorkContext	Work_With_or_Contribute_to_a_Work_Group_or_Team	Work With or Contribute to a Work Group or Team	Work With or Contribute to a Work Group or Team	4.C.1.b.1.e
https://onet.org.ai/WorkContext/Deal_With_External_Customers_or_the_Public_in_General	onet.org.ai	WorkContext	Deal_With_External_Customers_or_the_Public_in_General	Deal With External Customers or the Public in General	Deal With External Customers or the Public in General	4.C.1.b.1.f
https://onet.org.ai/WorkContext/Coordinate_or_Lead_Others_in_Accomplishing_Work_Activities	onet.org.ai	WorkContext	Coordinate_or_Lead_Others_in_Accomplishing_Work_Activities	Coordinate or Lead Others in Accomplishing Work Activities	Coordinate or Lead Others in Accomplishing Work Activities	4.C.1.b.1.g
https://onet.org.ai/WorkContext/Health_and_Safety_of_Other_Workers	onet.org.ai	WorkContext	Health_and_Safety_of_Other_Workers	Health and Safety of Other Workers	Health and Safety of Other Workers	4.C.1.c.1
https://onet.org.ai/WorkContext/Work_Outcomes_and_Results_of_Other_Workers	onet.org.ai	WorkContext	Work_Outcomes_and_Results_of_Other_Workers	Work Outcomes and Results of Other Workers	Work Outcomes and Results of Other Workers	4.C.1.c.2
https://onet.org.ai/WorkContext/Conflict_Situations	onet.org.ai	WorkContext	Conflict_Situations	Conflict Situations	Conflict Situations	4.C.1.d.1
https://onet.org.ai/WorkContext/Dealing_With_Unpleasant,_Angry,_or_Discourteous_People	onet.org.ai	WorkContext	Dealing_With_Unpleasant,_Angry,_or_Discourteous_People	Dealing With Unpleasant, Angry, or Discourteous People	Dealing With Unpleasant, Angry, or Discourteous People	4.C.1.d.2
https://onet.org.ai/WorkContext/Dealing_with_Violent_or_Physically_Aggressive_People	onet.org.ai	WorkContext	Dealing_with_Violent_or_Physically_Aggressive_People	Dealing with Violent or Physically Aggressive People	Dealing with Violent or Physically Aggressive People	4.C.1.d.3
https://onet.org.ai/WorkContext/Indoors,_Environmentally_Controlled	onet.org.ai	WorkContext	Indoors,_Environmentally_Controlled	Indoors, Environmentally Controlled	Indoors, Environmentally Controlled	4.C.2.a.1.a
https://onet.org.ai/WorkContext/Indoors,_Not_Environmentally_Controlled	onet.org.ai	WorkContext	Indoors,_Not_Environmentally_Controlled	Indoors, Not Environmentally Controlled	Indoors, Not Environmentally Controlled	4.C.2.a.1.b
https://onet.org.ai/WorkContext/Outdoors,_Exposed_to_All_Weather_Conditions	onet.org.ai	WorkContext	Outdoors,_Exposed_to_All_Weather_Conditions	Outdoors, Exposed to All Weather Conditions	Outdoors, Exposed to All Weather Conditions	4.C.2.a.1.c
https://onet.org.ai/WorkContext/Outdoors,_Under_Cover	onet.org.ai	WorkContext	Outdoors,_Under_Cover	Outdoors, Under Cover	Outdoors, Under Cover	4.C.2.a.1.d
https://onet.org.ai/WorkContext/In_an_Open_Vehicle_or_Operating_Equipment	onet.org.ai	WorkContext	In_an_Open_Vehicle_or_Operating_Equipment	In an Open Vehicle or Operating Equipment	In an Open Vehicle or Operating Equipment	4.C.2.a.1.e
https://onet.org.ai/WorkContext/In_an_Enclosed_Vehicle_or_Operate_Enclosed_Equipment	onet.org.ai	WorkContext	In_an_Enclosed_Vehicle_or_Operate_Enclosed_Equipment	In an Enclosed Vehicle or Operate Enclosed Equipment	In an Enclosed Vehicle or Operate Enclosed Equipment	4.C.2.a.1.f
https://onet.org.ai/WorkContext/Physical_Proximity	onet.org.ai	WorkContext	Physical_Proximity	Physical Proximity	Physical Proximity	4.C.2.a.3
https://onet.org.ai/WorkContext/Exposed_to_Sounds,_Noise_Levels_that_are_Distracting_or_Uncomfortable	onet.org.ai	WorkContext	Exposed_to_Sounds,_Noise_Levels_that_are_Distracting_or_Uncomfortable	Exposed to Sounds, Noise Levels that are Distracting or Uncomfortable	Exposed to Sounds, Noise Levels that are Distracting or Uncomfortable	4.C.2.b.1.a
https://onet.org.ai/WorkContext/Exposed_to_Very_Hot_or_Cold_Temperatures	onet.org.ai	WorkContext	Exposed_to_Very_Hot_or_Cold_Temperatures	Exposed to Very Hot or Cold Temperatures	Exposed to Very Hot or Cold Temperatures	4.C.2.b.1.b
https://onet.org.ai/WorkContext/Exposed_to_Extremely_Bright_or_Inadequate_Lighting_Conditions	onet.org.ai	WorkContext	Exposed_to_Extremely_Bright_or_Inadequate_Lighting_Conditions	Exposed to Extremely Bright or Inadequate Lighting Conditions	Exposed to Extremely Bright or Inadequate Lighting Conditions	4.C.2.b.1.c
https://onet.org.ai/WorkContext/Exposed_to_Contaminants	onet.org.ai	WorkContext	Exposed_to_Contaminants	Exposed to Contaminants	Exposed to Contaminants	4.C.2.b.1.d
https://onet.org.ai/WorkContext/Exposed_to_Cramped_Work_Space,_Awkward_Positions	onet.org.ai	WorkContext	Exposed_to_Cramped_Work_Space,_Awkward_Positions	Exposed to Cramped Work Space, Awkward Positions	Exposed to Cramped Work Space, Awkward Positions	4.C.2.b.1.e
https://onet.org.ai/WorkContext/Exposed_to_Whole_Body_Vibration	onet.org.ai	WorkContext	Exposed_to_Whole_Body_Vibration	Exposed to Whole Body Vibration	Exposed to Whole Body Vibration	4.C.2.b.1.f
https://onet.org.ai/WorkContext/Exposed_to_Radiation	onet.org.ai	WorkContext	Exposed_to_Radiation	Exposed to Radiation	Exposed to Radiation	4.C.2.c.1.a
https://onet.org.ai/WorkContext/Exposed_to_Disease_or_Infections	onet.org.ai	WorkContext	Exposed_to_Disease_or_Infections	Exposed to Disease or Infections	Exposed to Disease or Infections	4.C.2.c.1.b
https://onet.org.ai/WorkContext/Exposed_to_High_Places	onet.org.ai	WorkContext	Exposed_to_High_Places	Exposed to High Places	Exposed to High Places	4.C.2.c.1.c
https://onet.org.ai/WorkContext/Exposed_to_Hazardous_Conditions	onet.org.ai	WorkContext	Exposed_to_Hazardous_Conditions	Exposed to Hazardous Conditions	Exposed to Hazardous Conditions	4.C.2.c.1.d
https://onet.org.ai/WorkContext/Exposed_to_Hazardous_Equipment	onet.org.ai	WorkContext	Exposed_to_Hazardous_Equipment	Exposed to Hazardous Equipment	Exposed to Hazardous Equipment	4.C.2.c.1.e
https://onet.org.ai/WorkContext/Exposed_to_Minor_Burns,_Cuts,_Bites,_or_Stings	onet.org.ai	WorkContext	Exposed_to_Minor_Burns,_Cuts,_Bites,_or_Stings	Exposed to Minor Burns, Cuts, Bites, or Stings	Exposed to Minor Burns, Cuts, Bites, or Stings	4.C.2.c.1.f
https://onet.org.ai/WorkContext/Spend_Time_Sitting	onet.org.ai	WorkContext	Spend_Time_Sitting	Spend Time Sitting	Spend Time Sitting	4.C.2.d.1.a
https://onet.org.ai/WorkContext/Spend_Time_Standing	onet.org.ai	WorkContext	Spend_Time_Standing	Spend Time Standing	Spend Time Standing	4.C.2.d.1.b
https://onet.org.ai/WorkContext/Spend_Time_Climbing_Ladders,_Scaffolds,_or_Poles	onet.org.ai	WorkContext	Spend_Time_Climbing_Ladders,_Scaffolds,_or_Poles	Spend Time Climbing Ladders, Scaffolds, or Poles	Spend Time Climbing Ladders, Scaffolds, or Poles	4.C.2.d.1.c
https://onet.org.ai/WorkContext/Spend_Time_Walking_or_Running	onet.org.ai	WorkContext	Spend_Time_Walking_or_Running	Spend Time Walking or Running	Spend Time Walking or Running	4.C.2.d.1.d
https://onet.org.ai/WorkContext/Spend_Time_Kneeling,_Crouching,_Stooping,_or_Crawling	onet.org.ai	WorkContext	Spend_Time_Kneeling,_Crouching,_Stooping,_or_Crawling	Spend Time Kneeling, Crouching, Stooping, or Crawling	Spend Time Kneeling, Crouching, Stooping, or Crawling	4.C.2.d.1.e
https://onet.org.ai/WorkContext/Spend_Time_Keeping_or_Regaining_Balance	onet.org.ai	WorkContext	Spend_Time_Keeping_or_Regaining_Balance	Spend Time Keeping or Regaining Balance	Spend Time Keeping or Regaining Balance	4.C.2.d.1.f
https://onet.org.ai/WorkContext/Spend_Time_Using_Your_Hands_to_Handle,_Control,_or_Feel_Objects,_Tools,_or_Controls	onet.org.ai	WorkContext	Spend_Time_Using_Your_Hands_to_Handle,_Control,_or_Feel_Objects,_Tools,_or_Controls	Spend Time Using Your Hands to Handle, Control, or Feel Objects, Tools, or Controls	Spend Time Using Your Hands to Handle, Control, or Feel Objects, Tools, or Controls	4.C.2.d.1.g
https://onet.org.ai/WorkContext/Spend_Time_Bending_or_Twisting_Your_Body	onet.org.ai	WorkContext	Spend_Time_Bending_or_Twisting_Your_Body	Spend Time Bending or Twisting Your Body	Spend Time Bending or Twisting Your Body	4.C.2.d.1.h
https://onet.org.ai/WorkContext/Spend_Time_Making_Repetitive_Motions	onet.org.ai	WorkContext	Spend_Time_Making_Repetitive_Motions	Spend Time Making Repetitive Motions	Spend Time Making Repetitive Motions	4.C.2.d.1.i
https://onet.org.ai/WorkContext/Wear_Common_Protective_or_Safety_Equipment_such_as_Safety_Shoes,_Glasses,_Gloves,_Hearing_Protection,_Hard_Hats,_or_Life_Jackets	onet.org.ai	WorkContext	Wear_Common_Protective_or_Safety_Equipment_such_as_Safety_Shoes,_Glasses,_Gloves,_Hearing_Protection,_Hard_Hats,_or_Life_Jackets	Wear Common Protective or Safety Equipment such as Safety Shoes, Glasses, Gloves, Hearing Protection, Hard Hats, or Life Jackets	Wear Common Protective or Safety Equipment such as Safety Shoes, Glasses, Gloves, Hearing Protection, Hard Hats, or Life Jackets	4.C.2.e.1.d
https://onet.org.ai/WorkContext/Wear_Specialized_Protective_or_Safety_Equipment_such_as_Breathing_Apparatus,_Safety_Harness,_Full_Protection_Suits,_or_Radiation_Protection	onet.org.ai	WorkContext	Wear_Specialized_Protective_or_Safety_Equipment_such_as_Breathing_Apparatus,_Safety_Harness,_Full_Protection_Suits,_or_Radiation_Protection	Wear Specialized Protective or Safety Equipment such as Breathing Apparatus, Safety Harness, Full Protection Suits, or Radiation Protection	Wear Specialized Protective or Safety Equipment such as Breathing Apparatus, Safety Harness, Full Protection Suits, or Radiation Protection	4.C.2.e.1.e
https://onet.org.ai/WorkContext/Consequence_of_Error	onet.org.ai	WorkContext	Consequence_of_Error	Consequence of Error	Consequence of Error	4.C.3.a.1
https://onet.org.ai/WorkContext/Impact_of_Decisions_on_Co-workers_or_Company_Results	onet.org.ai	WorkContext	Impact_of_Decisions_on_Co-workers_or_Company_Results	Impact of Decisions on Co-workers or Company Results	Impact of Decisions on Co-workers or Company Results	4.C.3.a.2.a
https://onet.org.ai/WorkContext/Frequency_of_Decision_Making	onet.org.ai	WorkContext	Frequency_of_Decision_Making	Frequency of Decision Making	Frequency of Decision Making	4.C.3.a.2.b
https://onet.org.ai/WorkContext/Freedom_to_Make_Decisions	onet.org.ai	WorkContext	Freedom_to_Make_Decisions	Freedom to Make Decisions	Freedom to Make Decisions	4.C.3.a.4
https://onet.org.ai/WorkContext/Degree_of_Automation	onet.org.ai	WorkContext	Degree_of_Automation	Degree of Automation	Degree of Automation	4.C.3.b.2
https://onet.org.ai/WorkContext/Importance_of_Being_Exact_or_Accurate	onet.org.ai	WorkContext	Importance_of_Being_Exact_or_Accurate	Importance of Being Exact or Accurate	Importance of Being Exact or Accurate	4.C.3.b.4
https://onet.org.ai/WorkContext/Importance_of_Repeating_Same_Tasks	onet.org.ai	WorkContext	Importance_of_Repeating_Same_Tasks	Importance of Repeating Same Tasks	Importance of Repeating Same Tasks	4.C.3.b.7
https://onet.org.ai/WorkContext/Determine_Tasks,_Priorities_and_Goals	onet.org.ai	WorkContext	Determine_Tasks,_Priorities_and_Goals	Determine Tasks, Priorities and Goals	Determine Tasks, Priorities and Goals	4.C.3.b.8
https://onet.org.ai/WorkContext/Level_of_Competition	onet.org.ai	WorkContext	Level_of_Competition	Level of Competition	Level of Competition	4.C.3.c.1
https://onet.org.ai/WorkContext/Time_Pressure	onet.org.ai	WorkContext	Time_Pressure	Time Pressure	Time Pressure	4.C.3.d.1
https://onet.org.ai/WorkContext/Pace_Determined_by_Speed_of_Equipment	onet.org.ai	WorkContext	Pace_Determined_by_Speed_of_Equipment	Pace Determined by Speed of Equipment	Pace Determined by Speed of Equipment	4.C.3.d.3
https://onet.org.ai/WorkContext/Work_Schedules	onet.org.ai	WorkContext	Work_Schedules	Work Schedules	Work Schedules	4.C.3.d.4
https://onet.org.ai/WorkContext/Duration_of_Typical_Work_Week	onet.org.ai	WorkContext	Duration_of_Typical_Work_Week	Duration of Typical Work Week	Duration of Typical Work Week	4.C.3.d.8