id	name	description	level
AccountCollectors	Bill and Account Collectors		Professional
Actors	Actors		Professional
Actuaries	Actuaries		Professional
Acupuncturists	Acupuncturists		Professional
AcuteCareNurses	Acute Care Nurses		Professional
AdaptedPhysicalEducationSpecialists	Adapted Physical Education Specialists		Professional
Adjusters	Timing Device Assemblers and Adjusters		Professional
AdministrativeAssistants	Legal Secretaries and Administrative Assistants		Professional
AdministrativeServicesManagers	Administrative Services Managers		Manager
AdministrativeSupportWorkers	First-Line Supervisors of Office and Administrative Support Workers		Manager
AdministrativeSupportWorkersAllOther	Office and Administrative Support Workers, All Other		Professional
AdvancedPracticePsychiatricNurses	Advanced Practice Psychiatric Nurses		Professional
AdvertisingSalesAgents	Advertising Sales Agents		Professional
Advisors	Educational, Guidance, and Career Counselors and Advisors		Professional
AerospaceEngineers	Aerospace Engineers		Professional
AgriculturalEngineers	Agricultural Engineers		Professional
AgriculturalEquipmentOperators	Agricultural Equipment Operators		Professional
AgriculturalInspectors	Agricultural Inspectors		Professional
AgriculturalSciencesTeachersPostsecondary	Agricultural Sciences Teachers, Postsecondary		Professional
AgriculturalTechnicians	Agricultural Technicians		Professional
AgriculturalWorkersAllOther	Agricultural Workers, All Other		Professional
AircraftCargoHandlingSupervisors	Aircraft Cargo Handling Supervisors		Manager
AircraftServiceAttendants	Aircraft Service Attendants		Professional
AirCrewMembers	Air Crew Members		Professional
AirCrewOfficers	Air Crew Officers		Professional
AirfieldOperationsSpecialists	Airfield Operations Specialists		Professional
AirTrafficControllers	Air Traffic Controllers		Professional
Ambulance	Dispatchers, Except Police, Fire, and Ambulance		Professional
Analysts	Fraud Examiners, Investigators and Analysts		Professional
AnesthesiologistAssistants	Anesthesiologist Assistants		Professional
Anesthesiologists	Anesthesiologists		Professional
AnimalBreeders	Animal Breeders		Professional
AnimalCaretakers	Animal Caretakers		Professional
AnimalControlWorkers	Animal Control Workers		Professional
AnimalScientists	Animal Scientists		Professional
AnimalTrainers	Animal Trainers		Professional
Animators	Special Effects Artists and Animators		Professional
AnsweringService	Switchboard Operators, Including Answering Service		Professional
ApparelPatternmakers	Fabric and Apparel Patternmakers		Professional
ApplicatorsVegetation	Pesticide Handlers, Sprayers, and Applicators, Vegetation		Professional
AquaculturalAnimals	Farmworkers, Farm, Ranch, and Aquacultural Animals		Professional
Archeologists	Anthropologists and Archeologists		Professional
ArcheologyTeachersPostsecondary	Anthropology and Archeology Teachers, Postsecondary		Professional
ArchitectureTeachersPostsecondary	Architecture Teachers, Postsecondary		Professional
Archivists	Archivists		Professional
ArmoredAssaultVehicleCrewMembers	Armored Assault Vehicle Crew Members		Professional
ArmoredAssaultVehicleOfficers	Armored Assault Vehicle Officers		Professional
ArtDirectors	Art Directors		Director
ArtTherapists	Art Therapists		Professional
Assessors	Solar Sales Representatives and Assessors		Professional
AssessorsOfRealEstate	Appraisers and Assessors of Real Estate		Professional
Astronomers	Astronomers		Professional
Athletes	Agents and Business Managers of Artists, Performers, and Athletes		Manager
AthleticTrainers	Athletic Trainers		Professional
Audiologists	Audiologists		Professional
AuditingClerks	Bookkeeping, Accounting, and Auditing Clerks		Professional
Auditors	Accountants and Auditors		Professional
Authors	Writers and Authors		Professional
AutomotiveEngineeringTechnicians	Automotive Engineering Technicians		Professional
AutomotiveEngineers	Automotive Engineers		Professional
Aviation	Transportation Vehicle, Equipment and Systems Inspectors, Except Aviation		Professional
AviationInspectors	Aviation Inspectors		Professional
AvionicsTechnicians	Avionics Technicians		Professional
Bailiffs	Bailiffs		Professional
Bakers	Bakers		Professional
Barbers	Barbers		Professional
Baristas	Baristas		Professional
BartenderHelpers	Dining Room and Cafeteria Attendants and Bartender Helpers		Professional
Bartenders	Bartenders		Professional
BehavioralDisorderCounselors	Substance Abuse and Behavioral Disorder Counselors		Professional
Bellhops	Baggage Porters and Bellhops		Professional
BenchCarpenters	Cabinetmakers and Bench Carpenters		Professional
BenefitsManagers	Compensation and Benefits Managers		Manager
BicycleRepairers	Bicycle Repairers		Professional
BiofuelsProcessingTechnicians	Biofuels Processing Technicians		Professional
BiofuelsProductionManagers	Biofuels Production Managers		Manager
BioinformaticsScientists	Bioinformatics Scientists		Professional
BioinformaticsTechnicians	Bioinformatics Technicians		Professional
BiologicalScienceTeachersPostsecondary	Biological Science Teachers, Postsecondary		Professional
BiologicalScientistsAllOther	Biological Scientists, All Other		Professional
BiologicalTechnicians	Biological Technicians		Professional
Biologists	Biologists		Professional
BiomassPlantTechnicians	Biomass Plant Technicians		Professional
BiomassPowerPlantManagers	Biomass Power Plant Managers		Manager
BiomedicalEngineers	Bioengineers and Biomedical Engineers		Professional
Biophysicists	Biochemists and Biophysicists		Professional
Biostatisticians	Biostatisticians		Professional
Blasters	Explosives Workers, Ordnance Handling Experts, and Blasters		Professional
BlockchainEngineers	Blockchain Engineers		Professional
Blockmasons	Brickmasons and Blockmasons		Professional
Boilermakers	Boilermakers		Professional
BoilerOperators	Stationary Engineers and Boiler Operators		Professional
BoothCashiers	Gambling Change Persons and Booth Cashiers		Professional
BorderProtectionOfficers	Customs and Border Protection Officers		Professional
Brazers	Welders, Cutters, Solderers, and Brazers		Professional
Brickmasons	Refractory Materials Repairers, Except Brickmasons		Professional
BroadcastTechnicians	Broadcast Technicians		Professional
BrokerageClerks	Brokerage Clerks		Professional
BudgetAnalysts	Budget Analysts		Professional
BuildingCleaningWorkersAllOther	Building Cleaning Workers, All Other		Professional
BuildingInspectors	Construction and Building Inspectors		Professional
BusDriversSchool	Bus Drivers, School		Professional
BusinessContinuityPlanners	Business Continuity Planners		Professional
BusinessIntelligenceAnalysts	Business Intelligence Analysts		Professional
BusinessOperationsSpecialistsAllOther	Business Operations Specialists, All Other		Professional
BusinessProperty	Appraisers of Personal and Business Property		Professional
BusinessTeachersPostsecondary	Business Teachers, Postsecondary		Professional
Cafeteria	Cooks, Institution and Cafeteria		Professional
Cardiologists	Cardiologists		Professional
CareerTechnicalEducation	Middle School Teachers, Except Special and Career/Technical Education		Professional
CareerTechnicalEducationTeachersMiddleSchool	Career/Technical Education Teachers, Middle School		Professional
CareerTechnicalEducationTeachersPostsecondary	Career/Technical Education Teachers, Postsecondary		Professional
CareerTechnicalEducationTeachersSecondarySchool	Career/Technical Education Teachers, Secondary School		Professional
Carpenters	Carpenters		Professional
CarpetInstallers	Carpet Installers		Professional
CarversManufacturing	Stone Cutters and Carvers, Manufacturing		Professional
Cashiers	Cashiers		Professional
CastersMetal	Pourers and Casters, Metal		Professional
CeilingTileInstallers	Drywall and Ceiling Tile Installers		Professional
CellularBiologists	Molecular and Cellular Biologists		Professional
Changers	Tire Repairers and Changers		Professional
Chauffeurs	Shuttle Drivers and Chauffeurs		Professional
ChemicalEngineers	Chemical Engineers		Professional
ChemicalTechnicians	Chemical Technicians		Professional
ChemistryTeachersPostsecondary	Chemistry Teachers, Postsecondary		Professional
Chemists	Chemists		Professional
ChiefExecutives	Chief Executives		Executive
ChiefSustainabilityOfficers	Chief Sustainability Officers		Executive
ChildcareWorkers	Childcare Workers		Professional
Chiropractors	Chiropractors		Professional
Choreographers	Choreographers		Professional
CivilDrafters	Architectural and Civil Drafters		Professional
CivilEngineers	Civil Engineers		Professional
Clergy	Clergy		Professional
Clerks	Credit Authorizers, Checkers, and Clerks		Professional
ClimateChangePolicyAnalysts	Climate Change Policy Analysts		Professional
ClinicalDataManagers	Clinical Data Managers		Manager
ClinicalLaboratoryTechnicians	Medical and Clinical Laboratory Technicians		Professional
ClinicalLaboratoryTechnologists	Medical and Clinical Laboratory Technologists		Professional
ClinicalNeuropsychologists	Clinical Neuropsychologists		Professional
ClinicalNurseSpecialists	Clinical Nurse Specialists		Professional
ClinicalResearchCoordinators	Clinical Research Coordinators		Professional
ClockRepairers	Watch and Clock Repairers		Professional
CoffeeShop	Hosts and Hostesses, Restaurant, Lounge, and Coffee Shop		Professional
CommercialDivers	Commercial Divers		Professional
CommercialPilots	Commercial Pilots		Professional
CommunicationEquipmentWorkersAllOther	Media and Communication Equipment Workers, All Other		Professional
CommunicationsEquipmentOperatorsAllOther	Communications Equipment Operators, All Other		Professional
CommunicationsTeachersPostsecondary	Communications Teachers, Postsecondary		Professional
CommunicationWorkersAllOther	Media and Communication Workers, All Other		Professional
CommunityAssociationManagers	Property, Real Estate, and Community Association Managers		Manager
CommunityHealthWorkers	Community Health Workers		Professional
CommunityServiceManagers	Social and Community Service Managers		Manager
ComplianceManagers	Compliance Managers		Manager
ComplianceOfficers	Compliance Officers		Professional
Composers	Music Directors and Composers		Director
Computer	Electronics Engineers, Except Computer		Professional
ComputerHardwareEngineers	Computer Hardware Engineers		Professional
ComputerNetworkArchitects	Computer Network Architects		Professional
ComputerNetworkSupportSpecialists	Computer Network Support Specialists		Professional
ComputerNumericallyControlledToolOperators	Computer Numerically Controlled Tool Operators		Professional
ComputerNumericallyControlledToolProgrammers	Computer Numerically Controlled Tool Programmers		Professional
ComputerOccupationsAllOther	Computer Occupations, All Other		Professional
ComputerProgrammers	Computer Programmers		Professional
ComputerScienceTeachersPostsecondary	Computer Science Teachers, Postsecondary		Professional
ComputerSystemsAdministrators	Network and Computer Systems Administrators		Professional
ComputerSystemsAnalysts	Computer Systems Analysts		Professional
ComputerSystemsEngineersArchitects	Computer Systems Engineers/Architects		Professional
ComputerUserSupportSpecialists	Computer User Support Specialists		Professional
Concierges	Concierges		Professional
Conciliators	Arbitrators, Mediators, and Conciliators		Professional
ConcreteFinishers	Cement Masons and Concrete Finishers		Professional
ConservationScienceTeachersPostsecondary	Forestry and Conservation Science Teachers, Postsecondary		Professional
ConservationScientists	Conservation Scientists		Professional
ConservationTechnicians	Forest and Conservation Technicians		Professional
ConservationWorkers	Forest and Conservation Workers		Professional
Conservators	Museum Technicians and Conservators		Professional
ConstructionLaborers	Construction Laborers		Professional
ConstructionManagers	Construction Managers		Manager
ConsumerSciencesTeachersPostsecondary	Family and Consumer Sciences Teachers, Postsecondary		Professional
ContinuousMiningMachineOperators	Continuous Mining Machine Operators		Professional
ControlCenterOfficers	Command and Control Center Officers		Professional
ControlCenterSpecialists	Command and Control Center Specialists		Professional
Controllers	Treasurers and Controllers		Professional
CooksAllOther	Cooks, All Other		Professional
CooksFastFood	Cooks, Fast Food		Professional
CooksPrivateHousehold	Cooks, Private Household		Professional
CooksRestaurant	Cooks, Restaurant		Professional
CooksShortOrder	Cooks, Short Order		Professional
CopyMarkers	Proofreaders and Copy Markers		Professional
Coremakers	Foundry Mold and Coremakers		Professional
Coroners	Coroners		Professional
CorrectionalTreatmentSpecialists	Probation Officers and Correctional Treatment Specialists		Professional
CorrespondenceClerks	Correspondence Clerks		Professional
Cosmetologists	Hairdressers, Hairstylists, and Cosmetologists		Professional
CostEstimators	Cost Estimators		Professional
CostumeAttendants	Costume Attendants		Professional
CounselingPsychologists	Clinical and Counseling Psychologists		Professional
CounselorsAllOther	Counselors, All Other		Professional
CounterWorkers	Fast Food and Counter Workers		Professional
CraftArtists	Craft Artists		Professional
CreativeWriters	Poets, Lyricists and Creative Writers		Professional
CreditAnalysts	Credit Analysts		Professional
CreditCounselors	Credit Counselors		Professional
CrematoryOperators	Crematory Operators		Professional
CrewMembersAllOther	Military Enlisted Tactical Operations and Air/Weapons Specialists and Crew Members, All Other		Professional
CriminalInvestigators	Detectives and Criminal Investigators		Professional
CriticalCareNurses	Critical Care Nurses		Professional
CulturalStudiesTeachersPostsecondary	Area, Ethnic, and Cultural Studies Teachers, Postsecondary		Professional
Curators	Curators		Professional
CustomerServiceRepresentatives	Customer Service Representatives		Professional
CustomsBrokers	Customs Brokers		Professional
CustomSewers	Tailors, Dressmakers, and Custom Sewers		Professional
CytogeneticTechnologists	Cytogenetic Technologists		Professional
Cytotechnologists	Cytotechnologists		Professional
Dancers	Dancers		Professional
DatabaseAdministrators	Database Administrators		Professional
DatabaseArchitects	Database Architects		Professional
DataEntryKeyers	Data Entry Keyers		Professional
DataScientists	Data Scientists		Professional
DataWarehousingSpecialists	Data Warehousing Specialists		Professional
Daycare	Education and Childcare Administrators, Preschool and Daycare		Professional
DecoratingWorkers	Painting, Coating, and Decorating Workers		Professional
DentalAssistants	Dental Assistants		Professional
DentalHygienists	Dental Hygienists		Professional
DentalLaboratoryTechnicians	Dental Laboratory Technicians		Professional
DentistsAllOtherSpecialists	Dentists, All Other Specialists		Professional
DentistsGeneral	Dentists, General		Professional
Dermatologists	Dermatologists		Professional
DesignersAllOther	Designers, All Other		Professional
DesktopPublishers	Desktop Publishers		Professional
Detectives	First-Line Supervisors of Police and Detectives		Manager
DevelopmentManagers	Training and Development Managers		Manager
DevelopmentSpecialists	Training and Development Specialists		Professional
DiagnosticMedicalSonographers	Diagnostic Medical Sonographers		Professional
DiamondWorkers	Gem and Diamond Workers		Professional
DieMakers	Tool and Die Makers		Professional
DieselEngineSpecialists	Bus and Truck Mechanics and Diesel Engine Specialists		Professional
DieteticTechnicians	Dietetic Technicians		Professional
DigitalForensicsAnalysts	Digital Forensics Analysts		Professional
DigitalInterfaceDesigners	Web and Digital Interface Designers		Professional
Directors	Producers and Directors		Director
Dishwashers	Dishwashers		Professional
Dispatchers	Power Distributors and Dispatchers		Professional
DistributionManagers	Transportation, Storage, and Distribution Managers		Manager
DocumentManagementSpecialists	Document Management Specialists		Professional
DraftersAllOther	Drafters, All Other		Professional
DraglineOperatorsSurfaceMining	Excavating and Loading Machine and Dragline Operators, Surface Mining		Professional
DredgeOperators	Dredge Operators		Professional
DressingRoomAttendants	Locker Room, Coatroom, and Dressing Room Attendants		Professional
DriverSalesWorkers	Driver/Sales Workers		Professional
DryCleaningWorkers	Laundry and Dry-Cleaning Workers		Professional
EconomicsTeachersPostsecondary	Economics Teachers, Postsecondary		Professional
Economists	Economists		Professional
Editors	Editors		Professional
Education	Directors, Religious Activities and Education		Director
EducationAdministratorsAllOther	Education Administrators, All Other		Professional
EducationAdministratorsKindergartenThroughSecondary	Education Administrators, Kindergarten through Secondary		Professional
EducationAdministratorsPostsecondary	Education Administrators, Postsecondary		Professional
EducationTeachersPostsecondary	Education Teachers, Postsecondary		Professional
ElectricalEngineers	Electrical Engineers		Professional
ElectricalRepairers	Electrical and Electronics Repairers, Commercial and Industrial Equipment		Professional
Electricians	Electricians		Professional
ElectromechanicalEquipmentAssemblers	Electromechanical Equipment Assemblers		Professional
ElectronicEquipmentAssemblers	Electrical and Electronic Equipment Assemblers		Professional
ElectronicsDrafters	Electrical and Electronics Drafters		Professional
EligibilityInterviewersGovernmentPrograms	Eligibility Interviewers, Government Programs		Professional
Embalmers	Embalmers		Professional
EmergencyManagementDirectors	Emergency Management Directors		Director
EmergencyMedicalTechnicians	Emergency Medical Technicians		Professional
EmergencyMedicinePhysicians	Emergency Medicine Physicians		Professional
EndoscopyTechnicians	Endoscopy Technicians		Professional
EnergyAuditors	Energy Auditors		Professional
EngineeringManagers	Architectural and Engineering Managers		Manager
EngineeringTeachersPostsecondary	Engineering Teachers, Postsecondary		Professional
EngineersAllOther	Engineers, All Other		Professional
Engines	Mobile Heavy Equipment Mechanics, Except Engines		Professional
Engravers	Etchers and Engravers		Professional
EnvironmentalComplianceInspectors	Environmental Compliance Inspectors		Professional
EnvironmentalEconomists	Environmental Economists		Professional
EnvironmentalEngineers	Environmental Engineers		Professional
EnvironmentalRestorationPlanners	Environmental Restoration Planners		Professional
EnvironmentalScienceTeachersPostsecondary	Environmental Science Teachers, Postsecondary		Professional
EnvironmentalScientists	Environmental Scientists and Specialists, Including Health		Professional
Epidemiologists	Epidemiologists		Professional
Equipment	Cleaners of Vehicles and Equipment		Professional
EquipmentRepairersAllOther	Precision Instrument and Equipment Repairers, All Other		Professional
Ergonomists	Human Factors Engineers and Ergonomists		Professional
Escorts	Tour Guides and Escorts		Professional
ESLInstructors	Adult Basic Education, Adult Secondary Education, and English as a Second Language Instructors		Professional
EventPlanners	Meeting, Convention, and Event Planners		Professional
Executive	Secretaries and Administrative Assistants, Except Legal, Medical, and Executive		Executive
ExecutiveAdministrativeAssistants	Executive Secretaries and Executive Administrative Assistants		Executive
ExercisePhysiologists	Exercise Physiologists		Professional
ExhibitDesigners	Set and Exhibit Designers		Professional
ExpeditingClerks	Production, Planning, and Expediting Clerks		Professional
ExtractionWorkers	First-Line Supervisors of Construction Trades and Extraction Workers		Manager
ExtractionWorkersAllOther	Extraction Workers, All Other		Professional
ExtrudingMachineOperators	Extruding and Forming Machine Setters, Operators, and Tenders, Synthetic and Glass Fibers		Professional
Fabricators	Fiberglass Laminators and Fabricators		Professional
FabricatorsAllOther	Assemblers and Fabricators, All Other		Professional
FacilitiesManagers	Facilities Managers		Manager
Fallers	Fallers		Professional
FamilyMedicinePhysicians	Family Medicine Physicians		Professional
FamilyTherapists	Marriage and Family Therapists		Professional
FarmLaborContractors	Farm Labor Contractors		Professional
FarmProducts	Wholesale and Retail Buyers, Except Farm Products		Professional
FashionDesigners	Fashion Designers		Professional
FenceErectors	Fence Erectors		Professional
FileClerks	File Clerks		Professional
Film	Camera Operators, Television, Video, and Film		Professional
FinancialClerksAllOther	Financial Clerks, All Other		Professional
FinancialExaminers	Financial Examiners		Professional
FinancialManagers	Financial Managers		Manager
FinancialQuantitativeAnalysts	Financial Quantitative Analysts		Professional
FinancialRiskSpecialists	Financial Risk Specialists		Professional
FinancialServicesSalesAgents	Securities, Commodities, and Financial Services Sales Agents		Professional
FinancialSpecialistsAllOther	Financial Specialists, All Other		Professional
Finishers	Floor Sanders and Finishers		Professional
FinishingWorkers	Print Binding and Finishing Workers		Professional
FireAlarmSystemsInstallers	Security and Fire Alarm Systems Installers		Professional
Firefighters	Firefighters		Professional
FirstLineSupervisorsOfAirCrewMembers	First-Line Supervisors of Air Crew Members		Manager
FirstLineSupervisorsOfAllOtherTacticalOperationsSpecialists	First-Line Supervisors of All Other Tactical Operations Specialists		Manager
FirstLineSupervisorsOfCorrectionalOfficers	First-Line Supervisors of Correctional Officers		Manager
FirstLineSupervisorsOfGamblingServicesWorkers	First-Line Supervisors of Gambling Services Workers		Manager
FirstLineSupervisorsOfNonRetailSalesWorkers	First-Line Supervisors of Non-Retail Sales Workers		Manager
FirstLineSupervisorsOfPassengerAttendants	First-Line Supervisors of Passenger Attendants		Manager
FirstLineSupervisorsOfPersonalServiceWorkers	First-Line Supervisors of Personal Service Workers		Manager
FirstLineSupervisorsOfProtectiveServiceWorkersAllOther	First-Line Supervisors of Protective Service Workers, All Other		Manager
FirstLineSupervisorsOfRetailSalesWorkers	First-Line Supervisors of Retail Sales Workers		Manager
FirstLineSupervisorsOfSecurityWorkers	First-Line Supervisors of Security Workers		Manager
FirstLineSupervisorsOfTransportationWorkersAllOther	First-Line Supervisors of Transportation Workers, All Other		Manager
FirstLineSupervisorsOfWeaponsSpecialistsCrewMembers	First-Line Supervisors of Weapons Specialists/Crew Members		Manager
FitnessStudiesTeachersPostsecondary	Recreation and Fitness Studies Teachers, Postsecondary		Professional
Fitters	Structural Metal Fabricators and Fitters		Professional
Flaggers	Crossing Guards and Flaggers		Professional
FlightAttendants	Flight Attendants		Professional
FlightEngineers	Airline Pilots, Copilots, and Flight Engineers		Professional
FloralDesigners	Floral Designers		Professional
FoodBatchmakers	Food Batchmakers		Professional
FoodPreparationWorkers	Food Preparation Workers		Professional
FoodProcessingWorkersAllOther	Food Processing Workers, All Other		Professional
FoodScienceTechnicians	Food Science Technicians		Professional
FoodServersNonrestaurant	Food Servers, Nonrestaurant		Professional
FoodServiceManagers	Food Service Managers		Manager
ForeignLanguageTeachers	Foreign Language and Literature Teachers, Postsecondary		Professional
ForensicScienceTechnicians	Forensic Science Technicians		Professional
Foresters	Foresters		Professional
ForestryWorkers	First-Line Supervisors of Farming, Fishing, and Forestry Workers		Manager
FreightAgents	Cargo and Freight Agents		Professional
FreightForwarders	Freight Forwarders		Professional
FuelCellEngineers	Fuel Cell Engineers		Professional
Fundraisers	Fundraisers		Professional
FundraisingManagers	Fundraising Managers		Manager
FuneralArrangers	Morticians, Undertakers, and Funeral Arrangers		Professional
FuneralAttendants	Funeral Attendants		Professional
FuneralHomeManagers	Funeral Home Managers		Manager
FurnishingsWorkersAllOther	Textile, Apparel, and Furnishings Workers, All Other		Professional
FurnitureFinishers	Furniture Finishers		Professional
Gambling	Entertainment and Recreation Managers, Except Gambling		Manager
GamblingCageWorkers	Gambling Cage Workers		Professional
GamblingDealers	Gambling Dealers		Professional
GamblingInvestigators	Gambling Surveillance Officers and Gambling Investigators		Professional
GamblingManagers	Gambling Managers		Manager
GamblingServices	First-Line Supervisors of Entertainment and Recreation Workers, Except Gambling Services		Manager
GamblingServiceWorkersAllOther	Gambling Service Workers, All Other		Professional
GameWardens	Fish and Game Wardens		Professional
Gas	Derrick Operators, Oil and Gas		Professional
GasPlantOperators	Gas Plant Operators		Professional
GasPumpingStationOperators	Gas Compressor and Gas Pumping Station Operators		Professional
Gaugers	Petroleum Pump System Operators, Refinery Operators, and Gaugers		Professional
GeneralInternalMedicinePhysicians	General Internal Medicine Physicians		Entry
GeneticCounselors	Genetic Counselors		Professional
Geneticists	Geneticists		Professional
GeodeticSurveyors	Geodetic Surveyors		Professional
Geographers	Geoscientists, Except Hydrologists and Geographers		Professional
GeographyTeachersPostsecondary	Geography Teachers, Postsecondary		Professional
GeothermalProductionManagers	Geothermal Production Managers		Manager
GeothermalTechnicians	Geothermal Technicians		Professional
Glaziers	Glaziers		Professional
GraphicDesigners	Graphic Designers		Professional
Greenhouse	Farmworkers and Laborers, Crop, Nursery, and Greenhouse		Professional
GroundskeepingWorkers	First-Line Supervisors of Landscaping, Lawn Service, and Groundskeeping Workers		Manager
GroundsMaintenanceWorkersAllOther	Grounds Maintenance Workers, All Other		Professional
GroupFitnessInstructors	Exercise Trainers and Group Fitness Instructors		Professional
Gynecologists	Obstetricians and Gynecologists		Professional
HardTiles	Floor Layers, Except Carpet, Wood, and Hard Tiles		Professional
HazardousMaterialsRemovalWorkers	Hazardous Materials Removal Workers		Professional
HeadCooks	Chefs and Head Cooks		Professional
Health	Environmental Science and Protection Technicians, Including Health		Professional
HealthcareSocialWorkers	Healthcare Social Workers		Professional
HealthcareSupportWorkersAllOther	Healthcare Support Workers, All Other		Professional
HealthEducationSpecialists	Health Education Specialists		Professional
HealthInformaticsSpecialists	Health Informatics Specialists		Professional
HealthServicesManagers	Medical and Health Services Managers		Manager
HealthSpecialtiesTeachersPostsecondary	Health Specialties Teachers, Postsecondary		Professional
HearingAidSpecialists	Hearing Aid Specialists		Professional
HearingOfficers	Administrative Law Judges, Adjudicators, and Hearing Officers		Professional
HelpersCarpenters	Helpers--Carpenters		Professional
HelpersConstructionTradesAllOther	Helpers, Construction Trades, All Other		Professional
HelpersElectricians	Helpers--Electricians		Professional
HelpersExtractionWorkers	Helpers--Extraction Workers		Professional
HelpersProductionWorkers	Helpers--Production Workers		Professional
HelpersRoofers	Helpers--Roofers		Professional
HighwayMaintenanceWorkers	Highway Maintenance Workers		Professional
HistologyTechnicians	Histology Technicians		Professional
Historians	Historians		Professional
HistoryTeachersPostsecondary	History Teachers, Postsecondary		Professional
Histotechnologists	Histotechnologists		Professional
HomeApplianceRepairers	Home Appliance Repairers		Professional
HomeHealthAides	Home Health Aides		Professional
HomeManagementEducators	Farm and Home Management Educators		Professional
Hospitalists	Hospitalists		Professional
Hostlers	Rail Yard Engineers, Dinkey Operators, and Hostlers		Professional
HousekeepingCleaners	Maids and Housekeeping Cleaners		Professional
HumanResourcesManagers	Human Resources Managers		Manager
HumanResourcesSpecialists	Human Resources Specialists		Professional
HumanServiceAssistants	Social and Human Service Assistants		Professional
HuntingWorkers	Fishing and Hunting Workers		Professional
HydroelectricPlantTechnicians	Hydroelectric Plant Technicians		Professional
HydroelectricProductionManagers	Hydroelectric Production Managers		Manager
HydrologicTechnicians	Geological Technicians, Except Hydrologic Technicians		Professional
Hydrologists	Hydrologists		Professional
Illustrators	Fine Artists, Including Painters, Sculptors, and Illustrators		Professional
Immunologists	Allergists and Immunologists		Professional
IndustrialDesigners	Commercial and Industrial Designers		Professional
IndustrialEcologists	Industrial Ecologists		Professional
IndustrialEngineers	Industrial Engineers		Professional
IndustrialMachineryMechanics	Industrial Machinery Mechanics		Professional
IndustrialOrganizationalPsychologists	Industrial-Organizational Psychologists		Professional
IndustrialProductionManagers	Industrial Production Managers		Manager
Infantry	Infantry		Professional
InfantryOfficers	Infantry Officers		Professional
InformationClerks	Receptionists and Information Clerks		Professional
InformationResearchScientists	Computer and Information Research Scientists		Professional
InformationSecurityAnalysts	Information Security Analysts		Professional
InformationSecurityEngineers	Information Security Engineers		Professional
InformationSystemsManagers	Computer and Information Systems Managers		Manager
InformationTechnologyProjectManagers	Information Technology Project Managers		Manager
Inspectors	Health and Safety Engineers, Except Mining Safety Engineers and Inspectors		Professional
Installers	Heating, Air Conditioning, and Refrigeration Mechanics and Installers		Professional
InstructionalCoordinators	Instructional Coordinators		Professional
InstructorsAllOther	Teachers and Instructors, All Other		Professional
InsulationWorkersMechanical	Insulation Workers, Mechanical		Professional
InsuranceAppraisersAutoDamage	Insurance Appraisers, Auto Damage		Professional
InsuranceSalesAgents	Insurance Sales Agents		Professional
InsuranceUnderwriters	Insurance Underwriters		Professional
IntelligenceAnalysts	Intelligence Analysts		Professional
Intercity	Bus Drivers, Transit and Intercity		Professional
InteriorDesigners	Interior Designers		Professional
InventoryClerks	Shipping, Receiving, and Inventory Clerks		Professional
Investigators	Claims Adjusters, Examiners, and Investigators		Professional
InvestmentAnalysts	Financial and Investment Analysts		Professional
InvestmentFundManagers	Investment Fund Managers		Manager
Jailers	Correctional Officers and Jailers		Professional
JanitorialWorkers	First-Line Supervisors of Housekeeping and Janitorial Workers		Manager
Janitors	Janitors and Cleaners, Except Maids and Housekeeping Cleaners		Professional
JobAnalysisSpecialists	Compensation, Benefits, and Job Analysis Specialists		Professional
Journalists	News Analysts, Reporters, and Journalists		Professional
JudicialLawClerks	Judicial Law Clerks		Professional
LaboratoryAnimalCaretakers	Veterinary Assistants and Laboratory Animal Caretakers		Professional
LaborRelationsSpecialists	Labor Relations Specialists		Professional
LandscapeArchitects	Landscape Architects		Professional
LawEnforcementTeachersPostsecondary	Criminal Justice and Law Enforcement Teachers, Postsecondary		Professional
LawTeachersPostsecondary	Law Teachers, Postsecondary		Professional
Lawyers	Lawyers		Professional
LegalAssistants	Paralegals and Legal Assistants		Professional
LegalSupportWorkersAllOther	Legal Support Workers, All Other		Professional
Legislators	Legislators		Professional
LibraryAssistantsClerical	Library Assistants, Clerical		Professional
LibraryScienceTeachersPostsecondary	Library Science Teachers, Postsecondary		Professional
LibraryTechnicians	Library Technicians		Professional
LibraryWorkersAllOther	Educational Instruction and Library Workers, All Other		Professional
LicenseClerks	Court, Municipal, and License Clerks		Professional
LicensedVocationalNurses	Licensed Practical and Licensed Vocational Nurses		Professional
LifeScientistsAllOther	Life Scientists, All Other		Professional
LightingTechnicians	Lighting Technicians		Professional
LightTruckDrivers	Light Truck Drivers		Professional
LineInstallers	Telecommunications Equipment Installers and Repairers, Except Line Installers		Professional
LiteratureTeachersPostsecondary	English Language and Literature Teachers, Postsecondary		Professional
Loan	Interviewers, Except Eligibility and Loan		Professional
LoanOfficers	Loan Officers		Professional
LockTenders	Bridge and Lock Tenders		Professional
LocomotiveEngineers	Locomotive Engineers		Professional
LocomotiveFirers	Railroad Brake, Signal, and Switch Operators and Locomotive Firers		Professional
LodgingManagers	Lodging Managers		Manager
LoggingEquipmentOperators	Logging Equipment Operators		Professional
LoggingWorkersAllOther	Logging Workers, All Other		Professional
Logisticians	Logisticians		Professional
LogisticsAnalysts	Logistics Analysts		Professional
LogisticsEngineers	Logistics Engineers		Professional
LossPreventionManagers	Loss Prevention Managers		Manager
Machinists	Machinists		Professional
Magistrates	Judges, Magistrate Judges, and Magistrates		Professional
MagneticResonanceImagingTechnologists	Magnetic Resonance Imaging Technologists		Professional
MailSuperintendents	Postmasters and Mail Superintendents		Professional
Maintenance	Painters, Construction and Maintenance		Professional
MaintenanceEquipmentOperators	Rail-Track Laying and Maintenance Equipment Operators		Professional
MaintenanceWorkersMachinery	Maintenance Workers, Machinery		Professional
ManagementAnalysts	Management Analysts		Professional
ManagersAllOther	Managers, All Other		Manager
ManufacturingEngineers	Manufacturing Engineers		Professional
MappingTechnicians	Surveying and Mapping Technicians		Professional
MarbleSetters	Helpers--Brickmasons, Blockmasons, Stonemasons, and Tile and Marble Setters		Professional
MarineOilers	Sailors and Marine Oilers		Professional
MarketingManagers	Marketing Managers		Manager
MarketingSpecialists	Market Research Analysts and Marketing Specialists		Professional
MassageTherapists	Massage Therapists		Professional
MaterialMoversHand	First-Line Supervisors of Helpers, Laborers, and Material Movers, Hand		Manager
MaterialMovingWorkersAllOther	Material Moving Workers, All Other		Professional
MaterialsEngineers	Materials Engineers		Professional
MaterialsScientists	Materials Scientists		Professional
MathematicalScienceOccupationsAllOther	Mathematical Science Occupations, All Other		Professional
MathematicalScienceTeachersPostsecondary	Mathematical Science Teachers, Postsecondary		Professional
Mathematicians	Mathematicians		Professional
MaxillofacialSurgeons	Oral and Maxillofacial Surgeons		Professional
MeatCutters	Butchers and Meat Cutters		Professional
MeatPackers	Slaughterers and Meat Packers		Professional
MechanicalDoor	Control and Valve Installers and Repairers, Except Mechanical Door		Professional
MechanicalDoorRepairers	Mechanical Door Repairers		Professional
MechanicalDrafters	Mechanical Drafters		Professional
MechanicalEngineers	Mechanical Engineers		Professional
Mechanics	Automotive Service Technicians and Mechanics		Professional
MechatronicsEngineers	Mechatronics Engineers		Professional
MediaCollectionsSpecialists	Librarians and Media Collections Specialists		Professional
MediaProgrammingDirectors	Media Programming Directors		Director
MediaTechnicalDirectorsManagers	Media Technical Directors/Managers		Director
MedicalApplianceTechnicians	Medical Appliance Technicians		Professional
MedicalAssistants	Medical Assistants		Professional
MedicalDosimetrists	Medical Dosimetrists		Professional
MedicalEquipmentPreparers	Medical Equipment Preparers		Professional
MedicalEquipmentRepairers	Medical Equipment Repairers		Professional
MedicalRecordsSpecialists	Medical Records Specialists		Professional
MedicalRegistrars	Health Information Technologists and Medical Registrars		Professional
MedicalTranscriptionists	Medical Transcriptionists		Professional
MentalHealthCounselors	Mental Health Counselors		Professional
Messengers	Couriers and Messengers		Professional
MetalWorkers	Jewelers and Precious Stone and Metal Workers		Professional
MeterReadersUtilities	Meter Readers, Utilities		Professional
Microbiologists	Microbiologists		Professional
MicrosystemsEngineers	Microsystems Engineers		Professional
Midwives	Midwives		Professional
Millwrights	Millwrights		Professional
MiningSafetyEngineers	Mining and Geological Engineers, Including Mining Safety Engineers		Professional
MissileCrewMembers	Artillery and Missile Crew Members		Professional
MissileOfficers	Artillery and Missile Officers		Professional
MobileHomeInstallers	Manufactured Building and Mobile Home Installers		Professional
ModelMakersWood	Model Makers, Wood		Professional
Models	Models		Professional
MotionPictureProjectionists	Motion Picture Projectionists		Professional
MotorboatOperators	Motorboat Operators		Professional
MotorcycleMechanics	Motorcycle Mechanics		Professional
MotorVehicleOperatorsAllOther	Motor Vehicle Operators, All Other		Professional
MovingMachineOperatorsUndergroundMining	Loading and Moving Machine Operators, Underground Mining		Professional
MusicTeachersPostsecondary	Art, Drama, and Music Teachers, Postsecondary		Professional
MusicTherapists	Music Therapists		Professional
Nannies	Nannies		Professional
NanosystemsEngineers	Nanosystems Engineers		Professional
NaturalSciencesManagers	Natural Sciences Managers		Manager
NaturopathicPhysicians	Naturopathic Physicians		Professional
Naval	Architects, Except Landscape and Naval		Professional
NavalArchitects	Marine Engineers and Naval Architects		Professional
NeurodiagnosticTechnologists	Neurodiagnostic Technologists		Professional
Neurologists	Neurologists		Professional
Neuropsychologists	Neuropsychologists		Professional
NewAccountsClerks	New Accounts Clerks		Professional
NonDestructiveTestingSpecialists	Non-Destructive Testing Specialists		Professional
NuclearEngineers	Nuclear Engineers		Professional
NuclearMedicineTechnologists	Nuclear Medicine Technologists		Professional
NuclearMonitoringTechnicians	Nuclear Monitoring Technicians		Professional
NuclearPowerReactorOperators	Nuclear Power Reactor Operators		Professional
NuclearTechnicians	Nuclear Technicians		Professional
NurseAnesthetists	Nurse Anesthetists		Professional
NurseMidwives	Nurse Midwives		Professional
NursePractitioners	Nurse Practitioners		Professional
NursingAssistants	Nursing Assistants		Professional
Nutritionists	Dietitians and Nutritionists		Professional
OccupationalTherapists	Occupational Therapists		Professional
OccupationalTherapyAides	Occupational Therapy Aides		Professional
OccupationalTherapyAssistants	Occupational Therapy Assistants		Professional
Offbearers	Machine Feeders and Offbearers		Professional
OfficeClerksGeneral	Office Clerks, General		Professional
OfficeMachineRepairers	Computer, Automated Teller, and Office Machine Repairers		Professional
Officers	Equal Opportunity Representatives and Officers		Professional
OnlineMerchants	Online Merchants		Professional
OperatingWorkers	First-Line Supervisors of Production and Operating Workers		Manager
OperationsManagers	General and Operations Managers		Manager
OperationsResearchAnalysts	Operations Research Analysts		Professional
OphthalmicLaboratoryTechnicians	Ophthalmic Laboratory Technicians		Professional
OphthalmicMedicalTechnicians	Ophthalmic Medical Technicians		Professional
OphthalmicMedicalTechnologists	Ophthalmic Medical Technologists		Professional
OpticiansDispensing	Opticians, Dispensing		Professional
Optometrists	Optometrists		Professional
OrderClerks	Order Clerks		Professional
OrderFillers	Stockers and Order Fillers		Professional
Orderlies	Orderlies		Professional
Orthodontists	Orthodontists		Professional
Orthoptists	Orthoptists		Professional
OtherAgriculturalManagers	Farmers, Ranchers, and Other Agricultural Managers		Manager
OtherConstructionEquipmentOperators	Operating Engineers and Other Construction Equipment Operators		Professional
OtherMachineAssemblers	Engine and Other Machine Assemblers		Professional
OtherRecreationalProtectiveServiceWorkers	Lifeguards, Ski Patrol, and Other Recreational Protective Service Workers		Professional
OtherSmallEngineMechanics	Outdoor Power Equipment and Other Small Engine Mechanics		Professional
OtherSportsOfficials	Umpires, Referees, and Other Sports Officials		Professional
PackagersHand	Packers and Packagers, Hand		Professional
Paperhangers	Paperhangers		Professional
Paramedics	Paramedics		Professional
ParkingAttendants	Parking Attendants		Professional
ParkingEnforcementWorkers	Parking Enforcement Workers		Professional
ParkNaturalists	Park Naturalists		Professional
PartsSalespersons	Parts Salespersons		Professional
PassengerAttendants	Passenger Attendants		Professional
PatientRepresentatives	Patient Representatives		Professional
PatternmakersWood	Patternmakers, Wood		Professional
Pediatric	Ophthalmologists, Except Pediatric		Professional
PediatriciansGeneral	Pediatricians, General		Professional
PediatricSurgeons	Pediatric Surgeons		Professional
Pedicurists	Manicurists and Pedicurists		Professional
PenetrationTesters	Penetration Testers		Professional
Performance	Makeup Artists, Theatrical and Performance		Professional
PersonalCareAides	Personal Care Aides		Professional
PersonalFinancialAdvisors	Personal Financial Advisors		Professional
PersonalServiceManagersAllOther	Personal Service Managers, All Other		Manager
PestControlWorkers	Pest Control Workers		Professional
PetroleumEngineers	Petroleum Engineers		Professional
Pharmacists	Pharmacists		Professional
PharmacyAides	Pharmacy Aides		Professional
PharmacyTechnicians	Pharmacy Technicians		Professional
Phlebotomists	Phlebotomists		Professional
Photogrammetrists	Cartographers and Photogrammetrists		Professional
Photographers	Photographers		Professional
PhotographicEquipmentRepairers	Camera and Photographic Equipment Repairers		Professional
PhotonicsEngineers	Photonics Engineers		Professional
PhotonicsTechnicians	Photonics Technicians		Professional
PhysicalScientistsAllOther	Physical Scientists, All Other		Professional
PhysicalTherapistAides	Physical Therapist Aides		Professional
PhysicalTherapistAssistants	Physical Therapist Assistants		Professional
PhysicalTherapists	Physical Therapists		Professional
PhysicianAssistants	Physician Assistants		Professional
PhysiciansAllOther	Physicians, All Other		Professional
PhysiciansPathologists	Physicians, Pathologists		Professional
Physicists	Physicists		Professional
PhysicsTeachersPostsecondary	Physics Teachers, Postsecondary		Professional
PileDriverOperators	Pile Driver Operators		Professional
PilotsOfWaterVessels	Captains, Mates, and Pilots of Water Vessels		Professional
Pipelayers	Pipelayers		Professional
PlantScientists	Soil and Plant Scientists		Professional
Plastic	Extruding and Drawing Machine Setters, Operators, and Tenders, Metal and Plastic		Professional
PlasticWorkersAllOther	Metal Workers and Plastic Workers, All Other		Professional
Podiatrists	Podiatrists		Professional
PolicyProcessingClerks	Insurance Claims and Policy Processing Clerks		Professional
PolishingWorkersHand	Grinding and Polishing Workers, Hand		Professional
PoliticalScienceTeachersPostsecondary	Political Science Teachers, Postsecondary		Professional
PoliticalScientists	Political Scientists		Professional
PostalService	Mail Clerks and Mail Machine Operators, Except Postal Service		Professional
PostalServiceClerks	Postal Service Clerks		Professional
PostalServiceMailCarriers	Postal Service Mail Carriers		Professional
PostingClerks	Billing and Posting Clerks		Professional
PostsecondaryTeachersAllOther	Postsecondary Teachers, All Other		Professional
PottersManufacturing	Potters, Manufacturing		Professional
PowerPlantOperators	Power Plant Operators		Professional
PrecisionAgricultureTechnicians	Precision Agriculture Technicians		Professional
PreventionSpecialists	Forest Fire Inspectors and Prevention Specialists		Professional
PreventionWorkers	First-Line Supervisors of Firefighting and Prevention Workers		Manager
PreventiveMedicinePhysicians	Preventive Medicine Physicians		Professional
PrintingPressOperators	Printing Press Operators		Professional
ProcessingMachineOperators	Postal Service Mail Sorters, Processors, and Processing Machine Operators		Professional
ProcurementClerks	Procurement Clerks		Professional
ProductDevelopmentManagers	Biofuels/Biodiesel Technology and Product Development Managers		Manager
ProductionWorkersAllOther	Production Workers, All Other		Professional
ProductPromoters	Demonstrators and Product Promoters		Professional
ProjectManagementSpecialists	Project Management Specialists		Professional
PromotionsManagers	Advertising and Promotions Managers		Manager
Prosthetists	Orthotists and Prosthetists		Professional
Prosthodontists	Prosthodontists		Professional
ProtectionEngineers	Fire-Prevention and Protection Engineers		Professional
ProtectiveServiceWorkersAllOther	Protective Service Workers, All Other		Professional
Pruners	Tree Trimmers and Pruners		Professional
PsychiatricAides	Psychiatric Aides		Professional
PsychiatricTechnicians	Psychiatric Technicians		Professional
Psychiatrists	Psychiatrists		Professional
PsychologistsAllOther	Psychologists, All Other		Professional
PsychologyTeachersPostsecondary	Psychology Teachers, Postsecondary		Professional
PublicRelationsManagers	Public Relations Managers		Manager
PublicRelationsSpecialists	Public Relations Specialists		Professional
PublicSafetyTelecommunicators	Public Safety Telecommunicators		Professional
PurchasingAgentsFarmProducts	Buyers and Purchasing Agents, Farm Products		Professional
PurchasingManagers	Purchasing Managers		Manager
QualityControlAnalysts	Quality Control Analysts		Professional
QualityControlSystemsManagers	Quality Control Systems Managers		Manager
RadiationTherapists	Radiation Therapists		Professional
Radio	Disc Jockeys, Except Radio		Professional
RadioDiscJockeys	Broadcast Announcers and Radio Disc Jockeys		Professional
RadioFrequencyIdentificationDeviceSpecialists	Radio Frequency Identification Device Specialists		Professional
Radiologists	Radiologists		Professional
RailCarRepairers	Rail Car Repairers		Professional
RailroadPolice	Transit and Railroad Police		Professional
RailTransportationWorkersAllOther	Rail Transportation Workers, All Other		Professional
RangeManagers	Range Managers		Manager
RealEstateBrokers	Real Estate Brokers		Professional
RealEstateSalesAgents	Real Estate Sales Agents		Professional
RebarWorkers	Reinforcing Iron and Rebar Workers		Professional
ReclamationWorkers	Recycling and Reclamation Workers		Professional
RecordClerksAllOther	Information and Record Clerks, All Other		Professional
RecordsOfficers	Police Identification and Records Officers		Professional
RecoveryOfficers	Aircraft Launch and Recovery Officers		Professional
RecoverySpecialists	Aircraft Launch and Recovery Specialists		Professional
RecreationalTherapists	Recreational Therapists		Professional
RecreationalVehicleServiceTechnicians	Recreational Vehicle Service Technicians		Professional
RecreationAttendants	Amusement and Recreation Attendants		Professional
RecreationWorkers	Recreation Workers		Professional
RecyclableMaterialCollectors	Refuse and Recyclable Material Collectors		Professional
RecyclingCoordinators	Recycling Coordinators		Professional
RegionalPlanners	Urban and Regional Planners		Professional
RegisteredNurses	Registered Nurses		Professional
RegulatoryAffairsManagers	Regulatory Affairs Managers		Manager
RegulatoryAffairsSpecialists	Regulatory Affairs Specialists		Professional
RehabilitationCounselors	Rehabilitation Counselors		Professional
RehabilitationPhysicians	Physical Medicine and Rehabilitation Physicians		Professional
RelatedMaterials	Pressers, Textile, Garment, and Related Materials		Professional
RelatedRepairers	Electric Motor, Power Tool, and Related Repairers		Professional
RelatedWorkers	Door-to-Door Sales Workers, News and Street Vendors, and Related Workers		Professional
RelatedWorkersAllOther	Social Scientists and Related Workers, All Other		Professional
Relay	Electrical and Electronics Repairers, Powerhouse, Substation, and Relay		Professional
ReligionTeachersPostsecondary	Philosophy and Religion Teachers, Postsecondary		Professional
ReligiousWorkersAllOther	Religious Workers, All Other		Professional
RemoteSensingTechnicians	Remote Sensing Technicians		Professional
RentalClerks	Counter and Rental Clerks		Professional
Repairers	Elevator and Escalator Installers and Repairers		Professional
RepairersMotorVehicles	Electronic Equipment Installers and Repairers, Motor Vehicles		Professional
RepairersTransportationEquipment	Electrical and Electronics Installers and Repairers, Transportation Equipment		Professional
RepairWorkers	Helpers--Installation, Maintenance, and Repair Workers		Professional
RepairWorkersAllOther	Installation, Maintenance, and Repair Workers, All Other		Professional
RepairWorkersGeneral	Maintenance and Repair Workers, General		Professional
ResidentialAdvisors	Residential Advisors		Professional
ResortDeskClerks	Hotel, Motel, and Resort Desk Clerks		Professional
RespiratoryTherapists	Respiratory Therapists		Professional
RetailLossPreventionSpecialists	Retail Loss Prevention Specialists		Professional
RetailSalespersons	Retail Salespersons		Professional
RevenueAgents	Tax Examiners and Collectors, and Revenue Agents		Professional
Riggers	Riggers		Professional
RoboticsEngineers	Robotics Engineers		Professional
RoboticsTechnicians	Robotics Technicians		Professional
RockSplittersQuarry	Rock Splitters, Quarry		Professional
RoofBoltersMining	Roof Bolters, Mining		Professional
Roofers	Roofers		Professional
Runners	Gambling and Sports Book Writers and Runners		Professional
SafeRepairers	Locksmiths and Safe Repairers		Professional
SafetySpecialists	Occupational Health and Safety Specialists		Professional
SafetyTechnicians	Occupational Health and Safety Technicians		Professional
SalesEngineers	Sales Engineers		Professional
SalesManagers	Sales Managers		Manager
SamplersRecordkeeping	Weighers, Measurers, Checkers, and Samplers, Recordkeeping		Professional
Sawing	Woodworking Machine Setters, Operators, and Tenders, Except Sawing		Professional
Scalers	Log Graders and Scalers		Professional
SchoolBusMonitors	School Bus Monitors		Professional
SchoolPsychologists	School Psychologists		Professional
SchoolSocialWorkers	Child, Family, and School Social Workers		Professional
ScientificProducts	Sales Representatives, Wholesale and Manufacturing, Technical and Scientific Products		Professional
Scouts	Coaches and Scouts		Professional
Searchers	Title Examiners, Abstractors, and Searchers		Professional
SearchMarketingStrategists	Search Marketing Strategists		Professional
SecurityGuards	Security Guards		Professional
SecurityManagementSpecialists	Security Management Specialists		Professional
SecurityManagers	Security Managers		Manager
SegmentalPavers	Segmental Pavers		Professional
SelfEnrichmentTeachers	Self-Enrichment Teachers		Professional
SemiconductorProcessingTechnicians	Semiconductor Processing Technicians		Professional
ServiceTechnicians	Aircraft Mechanics and Service Technicians		Professional
ServiceWorkersAllOther	Personal Care and Service Workers, All Other		Professional
ServingRelatedWorkersAllOther	Food Preparation and Serving Related Workers, All Other		Professional
ServingWorkers	First-Line Supervisors of Food Preparation and Serving Workers		Manager
SewerPipeCleaners	Septic Tank Servicers and Sewer Pipe Cleaners		Professional
SewersHand	Sewers, Hand		Professional
SewingMachineOperators	Sewing Machine Operators		Professional
Shampooers	Shampooers		Professional
Sharpeners	Tool Grinders, Filers, and Sharpeners		Professional
SheetMetalWorkers	Sheet Metal Workers		Professional
Sheriff'sPatrolOfficers	Police and Sheriff's Patrol Officers		Professional
ShipEngineers	Ship Engineers		Professional
ShipLoaders	Tank Car, Truck, and Ship Loaders		Professional
SimultaneousCaptioners	Court Reporters and Simultaneous Captioners		Professional
Singers	Musicians and Singers		Professional
SiteManagers	Brownfield Redevelopment Specialists and Site Managers		Manager
SkincareSpecialists	Skincare Specialists		Professional
SocialScienceResearchAssistants	Social Science Research Assistants		Professional
SocialSciencesTeachersPostsecondaryAllOther	Social Sciences Teachers, Postsecondary, All Other		Professional
SocialScienceTechniciansAllOther	Life, Physical, and Social Science Technicians, All Other		Professional
SocialServiceSpecialistsAllOther	Community and Social Service Specialists, All Other		Professional
SocialWorkersAllOther	Social Workers, All Other		Professional
SocialWorkTeachersPostsecondary	Social Work Teachers, Postsecondary		Professional
Sociologists	Sociologists		Professional
SociologyTeachersPostsecondary	Sociology Teachers, Postsecondary		Professional
SoftwareDevelopers	Software Developers		Professional
Solar	Energy Engineers, Except Wind and Solar		Professional
SolarEnergyInstallationManagers	Solar Energy Installation Managers		Manager
SolarEnergySystemsEngineers	Solar Energy Systems Engineers		Professional
SolarPhotovoltaicInstallers	Solar Photovoltaic Installers		Professional
SortersAgriculturalProducts	Graders and Sorters, Agricultural Products		Professional
SoundEngineeringTechnicians	Sound Engineering Technicians		Professional
SpaceSciencesTeachersPostsecondary	Atmospheric, Earth, Marine, and Space Sciences Teachers, Postsecondary		Professional
SpaceScientists	Atmospheric and Space Scientists		Professional
SpaManagers	Spa Managers		Manager
SpecialEducation	Preschool Teachers, Except Special Education		Professional
SpecialEducationTeachersAllOther	Special Education Teachers, All Other		Professional
SpecialEducationTeachersElementarySchool	Special Education Teachers, Elementary School		Professional
SpecialEducationTeachersKindergarten	Special Education Teachers, Kindergarten		Professional
SpecialEducationTeachersMiddleSchool	Special Education Teachers, Middle School		Professional
SpecialEducationTeachersPreschool	Special Education Teachers, Preschool		Professional
SpecialEducationTeachersSecondarySchool	Special Education Teachers, Secondary School		Professional
SpecialForces	Special Forces		Professional
SpecialForcesOfficers	Special Forces Officers		Professional
SpeechLanguagePathologists	Speech-Language Pathologists		Professional
SpeechLanguagePathologyAssistants	Speech-Language Pathology Assistants		Professional
SportsCompetitors	Athletes and Sports Competitors		Professional
SportsMedicinePhysicians	Sports Medicine Physicians		Professional
StatisticalAssistants	Statistical Assistants		Professional
Statisticians	Statisticians		Professional
Steamfitters	Plumbers, Pipefitters, and Steamfitters		Professional
SteelWorkers	Structural Iron and Steel Workers		Professional
Stonemasons	Stonemasons		Professional
StoneSetters	Tile and Stone Setters		Professional
StreetcarOperators	Subway and Streetcar Operators		Professional
StuccoMasons	Plasterers and Stucco Masons		Professional
SubstanceAbuseSocialWorkers	Mental Health and Substance Abuse Social Workers		Professional
SubstituteTeachersShortTerm	Substitute Teachers, Short-Term		Professional
SupplyChainManagers	Supply Chain Managers		Manager
SurgeonsAllOther	Surgeons, All Other		Professional
SurgicalAssistants	Surgical Assistants		Professional
SurgicalTechnologists	Surgical Technologists		Professional
Surveyors	Surveyors		Professional
SurveyResearchers	Survey Researchers		Professional
SustainabilitySpecialists	Sustainability Specialists		Professional
SystemOperators	Water and Wastewater Treatment Plant and System Operators		Professional
SystemOperatorsAllOther	Plant and System Operators, All Other		Professional
SystemsAssemblers	Aircraft Structure, Surfaces, Rigging, and Systems Assemblers		Professional
TacticalOperationsLeadersAllOther	Military Officer Special and Tactical Operations Leaders, All Other		Manager
TalentDirectors	Talent Directors		Director
TampingEquipmentOperators	Paving, Surfacing, and Tamping Equipment Operators		Professional
Tapers	Tapers		Professional
TaxiDrivers	Taxi Drivers		Professional
TaxPreparers	Tax Preparers		Professional
TeachersPostsecondary	Nursing Instructors and Teachers, Postsecondary		Professional
TeachingAssistants	Teaching Assistants, Preschool, Elementary, Middle, and Secondary School, Except Special Education		Professional
TeachingAssistantsAllOther	Teaching Assistants, All Other		Professional
TeachingAssistantsPostsecondary	Teaching Assistants, Postsecondary		Professional
TeachingAssistantsSpecialEducation	Teaching Assistants, Special Education		Professional
TeamAssemblers	Team Assemblers		Professional
TechnicalWorkersAllOther	Healthcare Practitioners and Technical Workers, All Other		Professional
TechnicalWriters	Technical Writers		Professional
Technicians	Geographic Information Systems Technologists and Technicians		Professional
TechniciansAllOther	Health Technologists and Technicians, All Other		Professional
Technologists	Food Scientists and Technologists		Professional
TelecommunicationsEngineeringSpecialists	Telecommunications Engineering Specialists		Professional
Telemarketers	Telemarketers		Professional
TelephoneOperators	Telephone Operators		Professional
Tellers	Tellers		Professional
Tenders	Food and Tobacco Roasting, Baking, and Drying Machine Operators and Tenders		Professional
TendersWood	Sawing Machine Setters, Operators, and Tenders, Wood		Professional
Testers	Software Quality Assurance Analysts and Testers		Professional
TherapistsAllOther	Therapists, All Other		Professional
TicketTakers	Ushers, Lobby Attendants, and Ticket Takers		Professional
Timekeeping	Human Resources Assistants, Except Payroll and Timekeeping		Professional
TimekeepingClerks	Payroll and Timekeeping Clerks		Professional
TireBuilders	Tire Builders		Professional
TowerOperators	Crane and Tower Operators		Professional
TrackSwitchRepairers	Signal and Track Switch Repairers		Professional
TractorOperators	Industrial Truck and Tractor Operators		Professional
TractorTrailerTruckDrivers	Heavy and Tractor-Trailer Truck Drivers		Professional
TrafficTechnicians	Traffic Technicians		Professional
Translators	Interpreters and Translators		Professional
TransportationEngineers	Transportation Engineers		Professional
TransportationInspectors	Transportation Inspectors		Professional
TransportationPlanners	Transportation Planners		Professional
TransportationSecurityScreeners	Transportation Security Screeners		Professional
TransportationWorkersAllOther	Transportation Workers, All Other		Professional
Travel	Sales Representatives of Services, Except Advertising, Insurance, Financial Services, and Travel		Professional
TravelAgents	Travel Agents		Professional
TravelClerks	Reservation and Transportation Ticket Agents and Travel Clerks		Professional
TravelGuides	Travel Guides		Professional
TreatingPractitionersAllOther	Healthcare Diagnosing or Treating Practitioners, All Other		Professional
Trimmers	Meat, Poultry, and Fish Cutters and Trimmers		Professional
TrimmersHand	Cutters and Trimmers, Hand		Professional
Tuners	Musical Instrument Repairers and Tuners		Professional
Tutors	Tutors		Professional
Typists	Word Processors and Typists		Professional
UndergroundMiningMachineOperatorsAllOther	Underground Mining Machine Operators, All Other		Professional
Upholsterers	Upholsterers		Professional
Urologists	Urologists		Professional
ValidationEngineers	Validation Engineers		Professional
VehicleOperators	First-Line Supervisors of Material-Moving Machine and Vehicle Operators		Manager
Veterinarians	Veterinarians		Professional
VideoEditors	Film and Video Editors		Professional
VideoGameDesigners	Video Game Designers		Professional
VideoTechnicians	Audio and Video Technicians		Professional
VisionRehabilitationTherapists	Low Vision Therapists, Orientation and Mobility Specialists, and Vision Rehabilitation Therapists		Professional
Waitresses	Waiters and Waitresses		Professional
Wall	Insulation Workers, Floor, Ceiling, and Wall		Professional
WatercraftServiceAttendants	Automotive and Watercraft Service Attendants		Professional
WaterResourceSpecialists	Water Resource Specialists		Professional
WaterWastewaterEngineers	Water/Wastewater Engineers		Professional
WebAdministrators	Web Administrators		Professional
WebDevelopers	Web Developers		Professional
Weighers	Inspectors, Testers, Sorters, Samplers, and Weighers		Professional
WellheadPumpers	Pump Operators, Except Wellhead Pumpers		Professional
WellnessCoordinators	Fitness and Wellness Coordinators		Professional
WildlifeBiologists	Zoologists and Wildlife Biologists		Professional
WinchOperators	Hoist and Winch Operators		Professional
WindEnergyDevelopmentManagers	Wind Energy Development Managers		Manager
WindEnergyEngineers	Wind Energy Engineers		Professional
WindEnergyOperationsManagers	Wind Energy Operations Managers		Manager
WindowTrimmers	Merchandise Displayers and Window Trimmers		Professional
WindTurbineServiceTechnicians	Wind Turbine Service Technicians		Professional
WoodworkersAllOther	Woodworkers, All Other		Professional
Workers	Prepress Technicians and Workers		Professional
Yardmasters	Railroad Conductors and Yardmasters		Professional