roleId	occupationId
AccountCollectors	Bill_and_Account_Collectors
Actors	Actors
Actuaries	Actuaries
Acupuncturists	Acupuncturists
AcuteCareNurses	Acute_Care_Nurses
AdaptedPhysicalEducationSpecialists	Adapted_Physical_Education_Specialists
Adjusters	Timing_Device_Assemblers_and_Adjusters
AdministrativeAssistants	Legal_Secretaries_and_Administrative_Assistants
AdministrativeAssistants	Medical_Secretaries_and_Administrative_Assistants
AdministrativeServicesManagers	Administrative_Services_Managers
AdministrativeSupportWorkers	First-Line_Supervisors_of_Office_and_Administrative_Support_Workers
AdministrativeSupportWorkersAllOther	Office_and_Administrative_Support_Workers,_All_Other
AdvancedPracticePsychiatricNurses	Advanced_Practice_Psychiatric_Nurses
AdvertisingSalesAgents	Advertising_Sales_Agents
Advisors	Educational,_Guidance,_and_Career_Counselors_and_Advisors
AerospaceEngineers	Aerospace_Engineers
AgriculturalEngineers	Agricultural_Engineers
AgriculturalEquipmentOperators	Agricultural_Equipment_Operators
AgriculturalInspectors	Agricultural_Inspectors
AgriculturalSciencesTeachersPostsecondary	Agricultural_Sciences_Teachers,_Postsecondary
AgriculturalTechnicians	Agricultural_Technicians
AgriculturalWorkersAllOther	Agricultural_Workers,_All_Other
AircraftCargoHandlingSupervisors	Aircraft_Cargo_Handling_Supervisors
AircraftServiceAttendants	Aircraft_Service_Attendants
AirCrewMembers	Air_Crew_Members
AirCrewOfficers	Air_Crew_Officers
AirfieldOperationsSpecialists	Airfield_Operations_Specialists
AirTrafficControllers	Air_Traffic_Controllers
Ambulance	Dispatchers,_Except_Police,_Fire,_and_Ambulance
Analysts	Fraud_Examiners,_Investigators_and_Analysts
AnesthesiologistAssistants	Anesthesiologist_Assistants
Anesthesiologists	Anesthesiologists
AnimalBreeders	Animal_Breeders
AnimalCaretakers	Animal_Caretakers
AnimalControlWorkers	Animal_Control_Workers
AnimalScientists	Animal_Scientists
AnimalTrainers	Animal_Trainers
Animators	Special_Effects_Artists_and_Animators
AnsweringService	Switchboard_Operators,_Including_Answering_Service
ApparelPatternmakers	Fabric_and_Apparel_Patternmakers
ApplicatorsVegetation	Pesticide_Handlers,_Sprayers,_and_Applicators,_Vegetation
AquaculturalAnimals	Farmworkers,_Farm,_Ranch,_and_Aquacultural_Animals
Archeologists	Anthropologists_and_Archeologists
ArcheologyTeachersPostsecondary	Anthropology_and_Archeology_Teachers,_Postsecondary
ArchitectureTeachersPostsecondary	Architecture_Teachers,_Postsecondary
Archivists	Archivists
ArmoredAssaultVehicleCrewMembers	Armored_Assault_Vehicle_Crew_Members
ArmoredAssaultVehicleOfficers	Armored_Assault_Vehicle_Officers
ArtDirectors	Art_Directors
ArtTherapists	Art_Therapists
Assessors	Solar_Sales_Representatives_and_Assessors
AssessorsOfRealEstate	Appraisers_and_Assessors_of_Real_Estate
Astronomers	Astronomers
Athletes	Agents_and_Business_Managers_of_Artists,_Performers,_and_Athletes
AthleticTrainers	Athletic_Trainers
Audiologists	Audiologists
AuditingClerks	Bookkeeping,_Accounting,_and_Auditing_Clerks
Auditors	Accountants_and_Auditors
Authors	Writers_and_Authors
AutomotiveEngineeringTechnicians	Automotive_Engineering_Technicians
AutomotiveEngineers	Automotive_Engineers
Aviation	Transportation_Vehicle,_Equipment_and_Systems_Inspectors,_Except_Aviation
AviationInspectors	Aviation_Inspectors
AvionicsTechnicians	Avionics_Technicians
Bailiffs	Bailiffs
Bakers	Bakers
Barbers	Barbers
Baristas	Baristas
BartenderHelpers	Dining_Room_and_Cafeteria_Attendants_and_Bartender_Helpers
Bartenders	Bartenders
BehavioralDisorderCounselors	Substance_Abuse_and_Behavioral_Disorder_Counselors
Bellhops	Baggage_Porters_and_Bellhops
BenchCarpenters	Cabinetmakers_and_Bench_Carpenters
BenefitsManagers	Compensation_and_Benefits_Managers
BicycleRepairers	Bicycle_Repairers
BiofuelsProcessingTechnicians	Biofuels_Processing_Technicians
BiofuelsProductionManagers	Biofuels_Production_Managers
BioinformaticsScientists	Bioinformatics_Scientists
BioinformaticsTechnicians	Bioinformatics_Technicians
BiologicalScienceTeachersPostsecondary	Biological_Science_Teachers,_Postsecondary
BiologicalScientistsAllOther	Biological_Scientists,_All_Other
BiologicalTechnicians	Biological_Technicians
Biologists	Biologists
BiomassPlantTechnicians	Biomass_Plant_Technicians
BiomassPowerPlantManagers	Biomass_Power_Plant_Managers
BiomedicalEngineers	Bioengineers_and_Biomedical_Engineers
Biophysicists	Biochemists_and_Biophysicists
Biostatisticians	Biostatisticians
Blasters	Explosives_Workers,_Ordnance_Handling_Experts,_and_Blasters
BlockchainEngineers	Blockchain_Engineers
Blockmasons	Brickmasons_and_Blockmasons
Boilermakers	Boilermakers
BoilerOperators	Stationary_Engineers_and_Boiler_Operators
BoothCashiers	Gambling_Change_Persons_and_Booth_Cashiers
BorderProtectionOfficers	Customs_and_Border_Protection_Officers
Brazers	Welders,_Cutters,_Solderers,_and_Brazers
Brickmasons	Refractory_Materials_Repairers,_Except_Brickmasons
BroadcastTechnicians	Broadcast_Technicians
BrokerageClerks	Brokerage_Clerks
BudgetAnalysts	Budget_Analysts
BuildingCleaningWorkersAllOther	Building_Cleaning_Workers,_All_Other
BuildingInspectors	Construction_and_Building_Inspectors
BusDriversSchool	Bus_Drivers,_School
BusinessContinuityPlanners	Business_Continuity_Planners
BusinessIntelligenceAnalysts	Business_Intelligence_Analysts
BusinessOperationsSpecialistsAllOther	Business_Operations_Specialists,_All_Other
BusinessProperty	Appraisers_of_Personal_and_Business_Property
BusinessTeachersPostsecondary	Business_Teachers,_Postsecondary
Cafeteria	Cooks,_Institution_and_Cafeteria
Cardiologists	Cardiologists
CareerTechnicalEducation	Middle_School_Teachers,_Except_Special_and_Career_Technical_Education
CareerTechnicalEducation	Secondary_School_Teachers,_Except_Special_and_Career_Technical_Education
CareerTechnicalEducationTeachersMiddleSchool	Career_Technical_Education_Teachers,_Middle_School
CareerTechnicalEducationTeachersPostsecondary	Career_Technical_Education_Teachers,_Postsecondary
CareerTechnicalEducationTeachersSecondarySchool	Career_Technical_Education_Teachers,_Secondary_School
Carpenters	Carpenters
CarpetInstallers	Carpet_Installers
CarversManufacturing	Stone_Cutters_and_Carvers,_Manufacturing
Cashiers	Cashiers
CastersMetal	Pourers_and_Casters,_Metal
CeilingTileInstallers	Drywall_and_Ceiling_Tile_Installers
CellularBiologists	Molecular_and_Cellular_Biologists
Changers	Tire_Repairers_and_Changers
Chauffeurs	Shuttle_Drivers_and_Chauffeurs
ChemicalEngineers	Chemical_Engineers
ChemicalTechnicians	Chemical_Technicians
ChemistryTeachersPostsecondary	Chemistry_Teachers,_Postsecondary
Chemists	Chemists
ChiefExecutives	Chief_Executives
ChiefSustainabilityOfficers	Chief_Sustainability_Officers
ChildcareWorkers	Childcare_Workers
Chiropractors	Chiropractors
Choreographers	Choreographers
CivilDrafters	Architectural_and_Civil_Drafters
CivilEngineers	Civil_Engineers
Clergy	Clergy
Clerks	Credit_Authorizers,_Checkers,_and_Clerks
Clerks	Loan_Interviewers_and_Clerks
ClimateChangePolicyAnalysts	Climate_Change_Policy_Analysts
ClinicalDataManagers	Clinical_Data_Managers
ClinicalLaboratoryTechnicians	Medical_and_Clinical_Laboratory_Technicians
ClinicalLaboratoryTechnologists	Medical_and_Clinical_Laboratory_Technologists
ClinicalNeuropsychologists	Clinical_Neuropsychologists
ClinicalNurseSpecialists	Clinical_Nurse_Specialists
ClinicalResearchCoordinators	Clinical_Research_Coordinators
ClockRepairers	Watch_and_Clock_Repairers
CoffeeShop	Hosts_and_Hostesses,_Restaurant,_Lounge,_and_Coffee_Shop
CommercialDivers	Commercial_Divers
CommercialPilots	Commercial_Pilots
CommunicationEquipmentWorkersAllOther	Media_and_Communication_Equipment_Workers,_All_Other
CommunicationsEquipmentOperatorsAllOther	Communications_Equipment_Operators,_All_Other
CommunicationsTeachersPostsecondary	Communications_Teachers,_Postsecondary
CommunicationWorkersAllOther	Media_and_Communication_Workers,_All_Other
CommunityAssociationManagers	Property,_Real_Estate,_and_Community_Association_Managers
CommunityHealthWorkers	Community_Health_Workers
CommunityServiceManagers	Social_and_Community_Service_Managers
ComplianceManagers	Compliance_Managers
ComplianceOfficers	Compliance_Officers
Composers	Music_Directors_and_Composers
Computer	Electronics_Engineers,_Except_Computer
Computer	Office_Machine_Operators,_Except_Computer
ComputerHardwareEngineers	Computer_Hardware_Engineers
ComputerNetworkArchitects	Computer_Network_Architects
ComputerNetworkSupportSpecialists	Computer_Network_Support_Specialists
ComputerNumericallyControlledToolOperators	Computer_Numerically_Controlled_Tool_Operators
ComputerNumericallyControlledToolProgrammers	Computer_Numerically_Controlled_Tool_Programmers
ComputerOccupationsAllOther	Computer_Occupations,_All_Other
ComputerProgrammers	Computer_Programmers
ComputerScienceTeachersPostsecondary	Computer_Science_Teachers,_Postsecondary
ComputerSystemsAdministrators	Network_and_Computer_Systems_Administrators
ComputerSystemsAnalysts	Computer_Systems_Analysts
ComputerSystemsEngineersArchitects	Computer_Systems_Engineers_Architects
ComputerUserSupportSpecialists	Computer_User_Support_Specialists
Concierges	Concierges
Conciliators	Arbitrators,_Mediators,_and_Conciliators
ConcreteFinishers	Cement_Masons_and_Concrete_Finishers
ConservationScienceTeachersPostsecondary	Forestry_and_Conservation_Science_Teachers,_Postsecondary
ConservationScientists	Conservation_Scientists
ConservationTechnicians	Forest_and_Conservation_Technicians
ConservationWorkers	Forest_and_Conservation_Workers
Conservators	Museum_Technicians_and_Conservators
ConstructionLaborers	Construction_Laborers
ConstructionManagers	Construction_Managers
ConsumerSciencesTeachersPostsecondary	Family_and_Consumer_Sciences_Teachers,_Postsecondary
ContinuousMiningMachineOperators	Continuous_Mining_Machine_Operators
ControlCenterOfficers	Command_and_Control_Center_Officers
ControlCenterSpecialists	Command_and_Control_Center_Specialists
Controllers	Treasurers_and_Controllers
CooksAllOther	Cooks,_All_Other
CooksFastFood	Cooks,_Fast_Food
CooksPrivateHousehold	Cooks,_Private_Household
CooksRestaurant	Cooks,_Restaurant
CooksShortOrder	Cooks,_Short_Order
CopyMarkers	Proofreaders_and_Copy_Markers
Coremakers	Foundry_Mold_and_Coremakers
Coroners	Coroners
CorrectionalTreatmentSpecialists	Probation_Officers_and_Correctional_Treatment_Specialists
CorrespondenceClerks	Correspondence_Clerks
Cosmetologists	Hairdressers,_Hairstylists,_and_Cosmetologists
CostEstimators	Cost_Estimators
CostumeAttendants	Costume_Attendants
CounselingPsychologists	Clinical_and_Counseling_Psychologists
CounselorsAllOther	Counselors,_All_Other
CounterWorkers	Fast_Food_and_Counter_Workers
CraftArtists	Craft_Artists
CreativeWriters	Poets,_Lyricists_and_Creative_Writers
CreditAnalysts	Credit_Analysts
CreditCounselors	Credit_Counselors
CrematoryOperators	Crematory_Operators
CrewMembersAllOther	Military_Enlisted_Tactical_Operations_and_Air_Weapons_Specialists_and_Crew_Members,_All_Other
CriminalInvestigators	Detectives_and_Criminal_Investigators
CriticalCareNurses	Critical_Care_Nurses
CulturalStudiesTeachersPostsecondary	Area,_Ethnic,_and_Cultural_Studies_Teachers,_Postsecondary
Curators	Curators
CustomerServiceRepresentatives	Customer_Service_Representatives
CustomsBrokers	Customs_Brokers
CustomSewers	Tailors,_Dressmakers,_and_Custom_Sewers
CytogeneticTechnologists	Cytogenetic_Technologists
Cytotechnologists	Cytotechnologists
Dancers	Dancers
DatabaseAdministrators	Database_Administrators
DatabaseArchitects	Database_Architects
DataEntryKeyers	Data_Entry_Keyers
DataScientists	Data_Scientists
DataWarehousingSpecialists	Data_Warehousing_Specialists
Daycare	Education_and_Childcare_Administrators,_Preschool_and_Daycare
DecoratingWorkers	Painting,_Coating,_and_Decorating_Workers
DentalAssistants	Dental_Assistants
DentalHygienists	Dental_Hygienists
DentalLaboratoryTechnicians	Dental_Laboratory_Technicians
DentistsAllOtherSpecialists	Dentists,_All_Other_Specialists
DentistsGeneral	Dentists,_General
Dermatologists	Dermatologists
DesignersAllOther	Designers,_All_Other
DesktopPublishers	Desktop_Publishers
Detectives	First-Line_Supervisors_of_Police_and_Detectives
DevelopmentManagers	Training_and_Development_Managers
DevelopmentSpecialists	Training_and_Development_Specialists
DiagnosticMedicalSonographers	Diagnostic_Medical_Sonographers
DiamondWorkers	Gem_and_Diamond_Workers
DieMakers	Tool_and_Die_Makers
DieselEngineSpecialists	Bus_and_Truck_Mechanics_and_Diesel_Engine_Specialists
DieteticTechnicians	Dietetic_Technicians
DigitalForensicsAnalysts	Digital_Forensics_Analysts
DigitalInterfaceDesigners	Web_and_Digital_Interface_Designers
Directors	Producers_and_Directors
Dishwashers	Dishwashers
Dispatchers	Power_Distributors_and_Dispatchers
DistributionManagers	Transportation,_Storage,_and_Distribution_Managers
DocumentManagementSpecialists	Document_Management_Specialists
DraftersAllOther	Drafters,_All_Other
DraftersAllOther	Engineering_Technologists_and_Technicians,_Except_Drafters,_All_Other
DraglineOperatorsSurfaceMining	Excavating_and_Loading_Machine_and_Dragline_Operators,_Surface_Mining
DredgeOperators	Dredge_Operators
DressingRoomAttendants	Locker_Room,_Coatroom,_and_Dressing_Room_Attendants
DriverSalesWorkers	Driver_Sales_Workers
DryCleaningWorkers	Laundry_and_Dry-Cleaning_Workers
EconomicsTeachersPostsecondary	Economics_Teachers,_Postsecondary
Economists	Economists
Editors	Editors
Education	Directors,_Religious_Activities_and_Education
EducationAdministratorsAllOther	Education_Administrators,_All_Other
EducationAdministratorsKindergartenThroughSecondary	Education_Administrators,_Kindergarten_through_Secondary
EducationAdministratorsPostsecondary	Education_Administrators,_Postsecondary
EducationTeachersPostsecondary	Education_Teachers,_Postsecondary
ElectricalEngineers	Electrical_Engineers
ElectricalRepairers	Electrical_and_Electronics_Repairers,_Commercial_and_Industrial_Equipment
Electricians	Electricians
ElectromechanicalEquipmentAssemblers	Electromechanical_Equipment_Assemblers
ElectronicEquipmentAssemblers	Electrical_and_Electronic_Equipment_Assemblers
ElectronicsDrafters	Electrical_and_Electronics_Drafters
EligibilityInterviewersGovernmentPrograms	Eligibility_Interviewers,_Government_Programs
Embalmers	Embalmers
EmergencyManagementDirectors	Emergency_Management_Directors
EmergencyMedicalTechnicians	Ambulance_Drivers_and_Attendants,_Except_Emergency_Medical_Technicians
EmergencyMedicalTechnicians	Emergency_Medical_Technicians
EmergencyMedicinePhysicians	Emergency_Medicine_Physicians
EndoscopyTechnicians	Endoscopy_Technicians
EnergyAuditors	Energy_Auditors
EngineeringManagers	Architectural_and_Engineering_Managers
EngineeringTeachersPostsecondary	Engineering_Teachers,_Postsecondary
EngineersAllOther	Engineers,_All_Other
Engines	Mobile_Heavy_Equipment_Mechanics,_Except_Engines
Engravers	Etchers_and_Engravers
EnvironmentalComplianceInspectors	Environmental_Compliance_Inspectors
EnvironmentalEconomists	Environmental_Economists
EnvironmentalEngineers	Environmental_Engineers
EnvironmentalRestorationPlanners	Environmental_Restoration_Planners
EnvironmentalScienceTeachersPostsecondary	Environmental_Science_Teachers,_Postsecondary
EnvironmentalScientists	Environmental_Scientists_and_Specialists,_Including_Health
Epidemiologists	Epidemiologists
Epidemiologists	Medical_Scientists,_Except_Epidemiologists
Equipment	Cleaners_of_Vehicles_and_Equipment
EquipmentRepairersAllOther	Precision_Instrument_and_Equipment_Repairers,_All_Other
Ergonomists	Human_Factors_Engineers_and_Ergonomists
Escorts	Tour_Guides_and_Escorts
ESLInstructors	Adult_Basic_Education,_Adult_Secondary_Education,_and_English_as_a_Second_Language_Instructors
EventPlanners	Meeting,_Convention,_and_Event_Planners
Executive	Secretaries_and_Administrative_Assistants,_Except_Legal,_Medical,_and_Executive
ExecutiveAdministrativeAssistants	Executive_Secretaries_and_Executive_Administrative_Assistants
ExercisePhysiologists	Exercise_Physiologists
ExhibitDesigners	Set_and_Exhibit_Designers
ExpeditingClerks	Production,_Planning,_and_Expediting_Clerks
ExtractionWorkers	First-Line_Supervisors_of_Construction_Trades_and_Extraction_Workers
ExtractionWorkersAllOther	Extraction_Workers,_All_Other
ExtrudingMachineOperators	Extruding_and_Forming_Machine_Setters,_Operators,_and_Tenders,_Synthetic_and_Glass_Fibers
Fabricators	Fiberglass_Laminators_and_Fabricators
FabricatorsAllOther	Assemblers_and_Fabricators,_All_Other
FacilitiesManagers	Facilities_Managers
Fallers	Fallers
FamilyMedicinePhysicians	Family_Medicine_Physicians
FamilyTherapists	Marriage_and_Family_Therapists
FarmLaborContractors	Farm_Labor_Contractors
FarmProducts	Purchasing_Agents,_Except_Wholesale,_Retail,_and_Farm_Products
FarmProducts	Wholesale_and_Retail_Buyers,_Except_Farm_Products
FashionDesigners	Fashion_Designers
FenceErectors	Fence_Erectors
FileClerks	File_Clerks
Film	Camera_Operators,_Television,_Video,_and_Film
FinancialClerksAllOther	Financial_Clerks,_All_Other
FinancialExaminers	Financial_Examiners
FinancialManagers	Financial_Managers
FinancialQuantitativeAnalysts	Financial_Quantitative_Analysts
FinancialRiskSpecialists	Financial_Risk_Specialists
FinancialServicesSalesAgents	Securities,_Commodities,_and_Financial_Services_Sales_Agents
FinancialSpecialistsAllOther	Financial_Specialists,_All_Other
Finishers	Coil_Winders,_Tapers,_and_Finishers
Finishers	Floor_Sanders_and_Finishers
Finishers	Glass_Blowers,_Molders,_Benders,_and_Finishers
Finishers	Terrazzo_Workers_and_Finishers
FinishingWorkers	Print_Binding_and_Finishing_Workers
FireAlarmSystemsInstallers	Security_and_Fire_Alarm_Systems_Installers
Firefighters	Firefighters
FirstLineSupervisorsOfAirCrewMembers	First-Line_Supervisors_of_Air_Crew_Members
FirstLineSupervisorsOfAllOtherTacticalOperationsSpecialists	First-Line_Supervisors_of_All_Other_Tactical_Operations_Specialists
FirstLineSupervisorsOfCorrectionalOfficers	First-Line_Supervisors_of_Correctional_Officers
FirstLineSupervisorsOfGamblingServicesWorkers	First-Line_Supervisors_of_Gambling_Services_Workers
FirstLineSupervisorsOfNonRetailSalesWorkers	First-Line_Supervisors_of_Non-Retail_Sales_Workers
FirstLineSupervisorsOfPassengerAttendants	First-Line_Supervisors_of_Passenger_Attendants
FirstLineSupervisorsOfPersonalServiceWorkers	First-Line_Supervisors_of_Personal_Service_Workers
FirstLineSupervisorsOfProtectiveServiceWorkersAllOther	First-Line_Supervisors_of_Protective_Service_Workers,_All_Other
FirstLineSupervisorsOfRetailSalesWorkers	First-Line_Supervisors_of_Retail_Sales_Workers
FirstLineSupervisorsOfSecurityWorkers	First-Line_Supervisors_of_Security_Workers
FirstLineSupervisorsOfTransportationWorkersAllOther	First-Line_Supervisors_of_Transportation_Workers,_All_Other
FirstLineSupervisorsOfWeaponsSpecialistsCrewMembers	First-Line_Supervisors_of_Weapons_Specialists_Crew_Members
FitnessStudiesTeachersPostsecondary	Recreation_and_Fitness_Studies_Teachers,_Postsecondary
Fitters	Structural_Metal_Fabricators_and_Fitters
Flaggers	Crossing_Guards_and_Flaggers
FlightAttendants	Flight_Attendants
FlightEngineers	Airline_Pilots,_Copilots,_and_Flight_Engineers
FloralDesigners	Floral_Designers
FoodBatchmakers	Food_Batchmakers
FoodPreparationWorkers	Food_Preparation_Workers
FoodProcessingWorkersAllOther	Food_Processing_Workers,_All_Other
FoodScienceTechnicians	Food_Science_Technicians
FoodServersNonrestaurant	Food_Servers,_Nonrestaurant
FoodServiceManagers	Food_Service_Managers
ForeignLanguageTeachers	Foreign_Language_and_Literature_Teachers,_Postsecondary
ForensicScienceTechnicians	Forensic_Science_Technicians
Foresters	Foresters
ForestryWorkers	First-Line_Supervisors_of_Farming,_Fishing,_and_Forestry_Workers
FreightAgents	Cargo_and_Freight_Agents
FreightForwarders	Freight_Forwarders
FuelCellEngineers	Fuel_Cell_Engineers
Fundraisers	Fundraisers
FundraisingManagers	Fundraising_Managers
FuneralArrangers	Morticians,_Undertakers,_and_Funeral_Arrangers
FuneralAttendants	Funeral_Attendants
FuneralHomeManagers	Funeral_Home_Managers
FurnishingsWorkersAllOther	Textile,_Apparel,_and_Furnishings_Workers,_All_Other
FurnitureFinishers	Furniture_Finishers
Gambling	Entertainment_and_Recreation_Managers,_Except_Gambling
GamblingCageWorkers	Gambling_Cage_Workers
GamblingDealers	Gambling_Dealers
GamblingInvestigators	Gambling_Surveillance_Officers_and_Gambling_Investigators
GamblingManagers	Gambling_Managers
GamblingServices	First-Line_Supervisors_of_Entertainment_and_Recreation_Workers,_Except_Gambling_Services
GamblingServiceWorkersAllOther	Gambling_Service_Workers,_All_Other
GameWardens	Fish_and_Game_Wardens
Gas	Derrick_Operators,_Oil_and_Gas
Gas	Earth_Drillers,_Except_Oil_and_Gas
Gas	Rotary_Drill_Operators,_Oil_and_Gas
Gas	Roustabouts,_Oil_and_Gas
Gas	Service_Unit_Operators,_Oil_and_Gas
GasPlantOperators	Gas_Plant_Operators
GasPumpingStationOperators	Gas_Compressor_and_Gas_Pumping_Station_Operators
Gaugers	Petroleum_Pump_System_Operators,_Refinery_Operators,_and_Gaugers
GeneralInternalMedicinePhysicians	General_Internal_Medicine_Physicians
GeneticCounselors	Genetic_Counselors
Geneticists	Geneticists
GeodeticSurveyors	Geodetic_Surveyors
Geographers	Geographers
Geographers	Geoscientists,_Except_Hydrologists_and_Geographers
GeographyTeachersPostsecondary	Geography_Teachers,_Postsecondary
GeothermalProductionManagers	Geothermal_Production_Managers
GeothermalTechnicians	Geothermal_Technicians
Glaziers	Glaziers
GraphicDesigners	Graphic_Designers
Greenhouse	Farmworkers_and_Laborers,_Crop,_Nursery,_and_Greenhouse
GroundskeepingWorkers	First-Line_Supervisors_of_Landscaping,_Lawn_Service,_and_Groundskeeping_Workers
GroundskeepingWorkers	Landscaping_and_Groundskeeping_Workers
GroundsMaintenanceWorkersAllOther	Grounds_Maintenance_Workers,_All_Other
GroupFitnessInstructors	Exercise_Trainers_and_Group_Fitness_Instructors
Gynecologists	Obstetricians_and_Gynecologists
HardTiles	Floor_Layers,_Except_Carpet,_Wood,_and_Hard_Tiles
HazardousMaterialsRemovalWorkers	Hazardous_Materials_Removal_Workers
HeadCooks	Chefs_and_Head_Cooks
Health	Environmental_Science_and_Protection_Technicians,_Including_Health
HealthcareSocialWorkers	Healthcare_Social_Workers
HealthcareSupportWorkersAllOther	Healthcare_Support_Workers,_All_Other
HealthEducationSpecialists	Health_Education_Specialists
HealthInformaticsSpecialists	Health_Informatics_Specialists
HealthServicesManagers	Medical_and_Health_Services_Managers
HealthSpecialtiesTeachersPostsecondary	Health_Specialties_Teachers,_Postsecondary
HearingAidSpecialists	Hearing_Aid_Specialists
HearingOfficers	Administrative_Law_Judges,_Adjudicators,_and_Hearing_Officers
HelpersCarpenters	Helpers--Carpenters
HelpersConstructionTradesAllOther	Helpers,_Construction_Trades,_All_Other
HelpersElectricians	Helpers--Electricians
HelpersExtractionWorkers	Helpers--Extraction_Workers
HelpersProductionWorkers	Helpers--Production_Workers
HelpersRoofers	Helpers--Roofers
HighwayMaintenanceWorkers	Highway_Maintenance_Workers
HistologyTechnicians	Histology_Technicians
Historians	Historians
HistoryTeachersPostsecondary	History_Teachers,_Postsecondary
Histotechnologists	Histotechnologists
HomeApplianceRepairers	Home_Appliance_Repairers
HomeHealthAides	Home_Health_Aides
HomeManagementEducators	Farm_and_Home_Management_Educators
Hospitalists	Hospitalists
Hostlers	Rail_Yard_Engineers,_Dinkey_Operators,_and_Hostlers
HousekeepingCleaners	Maids_and_Housekeeping_Cleaners
HumanResourcesManagers	Human_Resources_Managers
HumanResourcesSpecialists	Human_Resources_Specialists
HumanServiceAssistants	Social_and_Human_Service_Assistants
HuntingWorkers	Fishing_and_Hunting_Workers
HydroelectricPlantTechnicians	Hydroelectric_Plant_Technicians
HydroelectricProductionManagers	Hydroelectric_Production_Managers
HydrologicTechnicians	Geological_Technicians,_Except_Hydrologic_Technicians
HydrologicTechnicians	Hydrologic_Technicians
Hydrologists	Hydrologists
Illustrators	Fine_Artists,_Including_Painters,_Sculptors,_and_Illustrators
Immunologists	Allergists_and_Immunologists
IndustrialDesigners	Commercial_and_Industrial_Designers
IndustrialEcologists	Industrial_Ecologists
IndustrialEngineers	Industrial_Engineers
IndustrialMachineryMechanics	Industrial_Machinery_Mechanics
IndustrialOrganizationalPsychologists	Industrial-Organizational_Psychologists
IndustrialProductionManagers	Industrial_Production_Managers
Infantry	Infantry
InfantryOfficers	Infantry_Officers
InformationClerks	Receptionists_and_Information_Clerks
InformationResearchScientists	Computer_and_Information_Research_Scientists
InformationSecurityAnalysts	Information_Security_Analysts
InformationSecurityEngineers	Information_Security_Engineers
InformationSystemsManagers	Computer_and_Information_Systems_Managers
InformationTechnologyProjectManagers	Information_Technology_Project_Managers
Inspectors	Health_and_Safety_Engineers,_Except_Mining_Safety_Engineers_and_Inspectors
Installers	Heating,_Air_Conditioning,_and_Refrigeration_Mechanics_and_Installers
InstructionalCoordinators	Instructional_Coordinators
InstructorsAllOther	Teachers_and_Instructors,_All_Other
InsulationWorkersMechanical	Insulation_Workers,_Mechanical
InsuranceAppraisersAutoDamage	Insurance_Appraisers,_Auto_Damage
InsuranceSalesAgents	Insurance_Sales_Agents
InsuranceUnderwriters	Insurance_Underwriters
IntelligenceAnalysts	Intelligence_Analysts
Intercity	Bus_Drivers,_Transit_and_Intercity
InteriorDesigners	Interior_Designers
InventoryClerks	Shipping,_Receiving,_and_Inventory_Clerks
Investigators	Claims_Adjusters,_Examiners,_and_Investigators
Investigators	Fire_Inspectors_and_Investigators
Investigators	Government_Property_Inspectors_and_Investigators
Investigators	Private_Detectives_and_Investigators
InvestmentAnalysts	Financial_and_Investment_Analysts
InvestmentFundManagers	Investment_Fund_Managers
Jailers	Correctional_Officers_and_Jailers
JanitorialWorkers	First-Line_Supervisors_of_Housekeeping_and_Janitorial_Workers
Janitors	Janitors_and_Cleaners,_Except_Maids_and_Housekeeping_Cleaners
JobAnalysisSpecialists	Compensation,_Benefits,_and_Job_Analysis_Specialists
Journalists	News_Analysts,_Reporters,_and_Journalists
JudicialLawClerks	Judicial_Law_Clerks
LaboratoryAnimalCaretakers	Veterinary_Assistants_and_Laboratory_Animal_Caretakers
LaborRelationsSpecialists	Labor_Relations_Specialists
LandscapeArchitects	Landscape_Architects
LawEnforcementTeachersPostsecondary	Criminal_Justice_and_Law_Enforcement_Teachers,_Postsecondary
LawTeachersPostsecondary	Law_Teachers,_Postsecondary
Lawyers	Lawyers
LegalAssistants	Paralegals_and_Legal_Assistants
LegalSupportWorkersAllOther	Legal_Support_Workers,_All_Other
Legislators	Legislators
LibraryAssistantsClerical	Library_Assistants,_Clerical
LibraryScienceTeachersPostsecondary	Library_Science_Teachers,_Postsecondary
LibraryTechnicians	Library_Technicians
LibraryWorkersAllOther	Educational_Instruction_and_Library_Workers,_All_Other
LicenseClerks	Court,_Municipal,_and_License_Clerks
LicensedVocationalNurses	Licensed_Practical_and_Licensed_Vocational_Nurses
LifeScientistsAllOther	Life_Scientists,_All_Other
LightingTechnicians	Lighting_Technicians
LightTruckDrivers	Light_Truck_Drivers
LineInstallers	Telecommunications_Equipment_Installers_and_Repairers,_Except_Line_Installers
LiteratureTeachersPostsecondary	English_Language_and_Literature_Teachers,_Postsecondary
Loan	Interviewers,_Except_Eligibility_and_Loan
LoanOfficers	Loan_Officers
LockTenders	Bridge_and_Lock_Tenders
LocomotiveEngineers	Locomotive_Engineers
LocomotiveFirers	Railroad_Brake,_Signal,_and_Switch_Operators_and_Locomotive_Firers
LodgingManagers	Lodging_Managers
LoggingEquipmentOperators	Logging_Equipment_Operators
LoggingWorkersAllOther	Logging_Workers,_All_Other
Logisticians	Logisticians
LogisticsAnalysts	Logistics_Analysts
LogisticsEngineers	Logistics_Engineers
LossPreventionManagers	Loss_Prevention_Managers
Machinists	Machinists
Magistrates	Judges,_Magistrate_Judges,_and_Magistrates
MagneticResonanceImagingTechnologists	Magnetic_Resonance_Imaging_Technologists
MailSuperintendents	Postmasters_and_Mail_Superintendents
Maintenance	Painters,_Construction_and_Maintenance
MaintenanceEquipmentOperators	Rail-Track_Laying_and_Maintenance_Equipment_Operators
MaintenanceWorkersMachinery	Maintenance_Workers,_Machinery
ManagementAnalysts	Management_Analysts
ManagersAllOther	Managers,_All_Other
ManufacturingEngineers	Manufacturing_Engineers
MappingTechnicians	Surveying_and_Mapping_Technicians
MarbleSetters	Helpers--Brickmasons,_Blockmasons,_Stonemasons,_and_Tile_and_Marble_Setters
MarineOilers	Sailors_and_Marine_Oilers
MarketingManagers	Marketing_Managers
MarketingSpecialists	Market_Research_Analysts_and_Marketing_Specialists
MassageTherapists	Massage_Therapists
MaterialMoversHand	First-Line_Supervisors_of_Helpers,_Laborers,_and_Material_Movers,_Hand
MaterialMoversHand	Laborers_and_Freight,_Stock,_and_Material_Movers,_Hand
MaterialMovingWorkersAllOther	Material_Moving_Workers,_All_Other
MaterialsEngineers	Materials_Engineers
MaterialsScientists	Materials_Scientists
MathematicalScienceOccupationsAllOther	Mathematical_Science_Occupations,_All_Other
MathematicalScienceTeachersPostsecondary	Mathematical_Science_Teachers,_Postsecondary
Mathematicians	Mathematicians
MaxillofacialSurgeons	Oral_and_Maxillofacial_Surgeons
MeatCutters	Butchers_and_Meat_Cutters
MeatPackers	Slaughterers_and_Meat_Packers
MechanicalDoor	Control_and_Valve_Installers_and_Repairers,_Except_Mechanical_Door
MechanicalDoorRepairers	Mechanical_Door_Repairers
MechanicalDrafters	Mechanical_Drafters
MechanicalEngineers	Mechanical_Engineers
Mechanics	Automotive_Service_Technicians_and_Mechanics
MechatronicsEngineers	Mechatronics_Engineers
MediaCollectionsSpecialists	Librarians_and_Media_Collections_Specialists
MediaProgrammingDirectors	Media_Programming_Directors
MediaTechnicalDirectorsManagers	Media_Technical_Directors_Managers
MedicalApplianceTechnicians	Medical_Appliance_Technicians
MedicalAssistants	Medical_Assistants
MedicalDosimetrists	Medical_Dosimetrists
MedicalEquipmentPreparers	Medical_Equipment_Preparers
MedicalEquipmentRepairers	Medical_Equipment_Repairers
MedicalRecordsSpecialists	Medical_Records_Specialists
MedicalRegistrars	Health_Information_Technologists_and_Medical_Registrars
MedicalTranscriptionists	Medical_Transcriptionists
MentalHealthCounselors	Mental_Health_Counselors
Messengers	Couriers_and_Messengers
MetalWorkers	Jewelers_and_Precious_Stone_and_Metal_Workers
MeterReadersUtilities	Meter_Readers,_Utilities
Microbiologists	Microbiologists
MicrosystemsEngineers	Microsystems_Engineers
Midwives	Midwives
Millwrights	Millwrights
MiningSafetyEngineers	Mining_and_Geological_Engineers,_Including_Mining_Safety_Engineers
MissileCrewMembers	Artillery_and_Missile_Crew_Members
MissileOfficers	Artillery_and_Missile_Officers
MobileHomeInstallers	Manufactured_Building_and_Mobile_Home_Installers
ModelMakersWood	Model_Makers,_Wood
Models	Models
MotionPictureProjectionists	Motion_Picture_Projectionists
MotorboatOperators	Motorboat_Operators
MotorcycleMechanics	Motorcycle_Mechanics
MotorVehicleOperatorsAllOther	Motor_Vehicle_Operators,_All_Other
MovingMachineOperatorsUndergroundMining	Loading_and_Moving_Machine_Operators,_Underground_Mining
MusicTeachersPostsecondary	Art,_Drama,_and_Music_Teachers,_Postsecondary
MusicTherapists	Music_Therapists
Nannies	Nannies
NanosystemsEngineers	Nanosystems_Engineers
NaturalSciencesManagers	Natural_Sciences_Managers
NaturopathicPhysicians	Naturopathic_Physicians
Naval	Architects,_Except_Landscape_and_Naval
NavalArchitects	Marine_Engineers_and_Naval_Architects
NeurodiagnosticTechnologists	Neurodiagnostic_Technologists
Neurologists	Neurologists
Neuropsychologists	Neuropsychologists
NewAccountsClerks	New_Accounts_Clerks
NonDestructiveTestingSpecialists	Non-Destructive_Testing_Specialists
NuclearEngineers	Nuclear_Engineers
NuclearMedicineTechnologists	Nuclear_Medicine_Technologists
NuclearMonitoringTechnicians	Nuclear_Monitoring_Technicians
NuclearPowerReactorOperators	Nuclear_Power_Reactor_Operators
NuclearTechnicians	Nuclear_Technicians
NurseAnesthetists	Nurse_Anesthetists
NurseMidwives	Nurse_Midwives
NursePractitioners	Nurse_Practitioners
NursingAssistants	Nursing_Assistants
Nutritionists	Dietitians_and_Nutritionists
OccupationalTherapists	Occupational_Therapists
OccupationalTherapyAides	Occupational_Therapy_Aides
OccupationalTherapyAssistants	Occupational_Therapy_Assistants
Offbearers	Machine_Feeders_and_Offbearers
OfficeClerksGeneral	Office_Clerks,_General
OfficeMachineRepairers	Computer,_Automated_Teller,_and_Office_Machine_Repairers
Officers	Equal_Opportunity_Representatives_and_Officers
OnlineMerchants	Online_Merchants
OperatingWorkers	First-Line_Supervisors_of_Production_and_Operating_Workers
OperationsManagers	General_and_Operations_Managers
OperationsResearchAnalysts	Operations_Research_Analysts
OphthalmicLaboratoryTechnicians	Ophthalmic_Laboratory_Technicians
OphthalmicMedicalTechnicians	Ophthalmic_Medical_Technicians
OphthalmicMedicalTechnologists	Ophthalmic_Medical_Technologists
OpticiansDispensing	Opticians,_Dispensing
Optometrists	Optometrists
OrderClerks	Order_Clerks
OrderFillers	Stockers_and_Order_Fillers
Orderlies	Orderlies
Orthodontists	Orthodontists
Orthoptists	Orthoptists
OtherAgriculturalManagers	Farmers,_Ranchers,_and_Other_Agricultural_Managers
OtherConstructionEquipmentOperators	Operating_Engineers_and_Other_Construction_Equipment_Operators
OtherMachineAssemblers	Engine_and_Other_Machine_Assemblers
OtherRecreationalProtectiveServiceWorkers	Lifeguards,_Ski_Patrol,_and_Other_Recreational_Protective_Service_Workers
OtherSmallEngineMechanics	Outdoor_Power_Equipment_and_Other_Small_Engine_Mechanics
OtherSportsOfficials	Umpires,_Referees,_and_Other_Sports_Officials
PackagersHand	Packers_and_Packagers,_Hand
Paperhangers	Paperhangers
Paramedics	Paramedics
ParkingAttendants	Parking_Attendants
ParkingEnforcementWorkers	Parking_Enforcement_Workers
ParkNaturalists	Park_Naturalists
PartsSalespersons	Parts_Salespersons
PassengerAttendants	Passenger_Attendants
PatientRepresentatives	Patient_Representatives
PatternmakersWood	Patternmakers,_Wood
Pediatric	Ophthalmologists,_Except_Pediatric
Pediatric	Orthopedic_Surgeons,_Except_Pediatric
PediatriciansGeneral	Pediatricians,_General
PediatricSurgeons	Pediatric_Surgeons
Pedicurists	Manicurists_and_Pedicurists
PenetrationTesters	Penetration_Testers
Performance	Makeup_Artists,_Theatrical_and_Performance
PersonalCareAides	Personal_Care_Aides
PersonalFinancialAdvisors	Personal_Financial_Advisors
PersonalServiceManagersAllOther	Personal_Service_Managers,_All_Other
PestControlWorkers	Pest_Control_Workers
PetroleumEngineers	Petroleum_Engineers
Pharmacists	Pharmacists
PharmacyAides	Pharmacy_Aides
PharmacyTechnicians	Pharmacy_Technicians
Phlebotomists	Phlebotomists
Photogrammetrists	Cartographers_and_Photogrammetrists
Photographers	Photographers
PhotographicEquipmentRepairers	Camera_and_Photographic_Equipment_Repairers
PhotonicsEngineers	Photonics_Engineers
PhotonicsTechnicians	Photonics_Technicians
PhysicalScientistsAllOther	Physical_Scientists,_All_Other
PhysicalTherapistAides	Physical_Therapist_Aides
PhysicalTherapistAssistants	Physical_Therapist_Assistants
PhysicalTherapists	Physical_Therapists
PhysicianAssistants	Physician_Assistants
PhysiciansAllOther	Physicians,_All_Other
PhysiciansPathologists	Physicians,_Pathologists
Physicists	Physicists
PhysicsTeachersPostsecondary	Physics_Teachers,_Postsecondary
PileDriverOperators	Pile_Driver_Operators
PilotsOfWaterVessels	Captains,_Mates,_and_Pilots_of_Water_Vessels
Pipelayers	Pipelayers
PlantScientists	Soil_and_Plant_Scientists
Plastic	Cutting,_Punching,_and_Press_Machine_Setters,_Operators,_and_Tenders,_Metal_and_Plastic
Plastic	Drilling_and_Boring_Machine_Tool_Setters,_Operators,_and_Tenders,_Metal_and_Plastic
Plastic	Extruding_and_Drawing_Machine_Setters,_Operators,_and_Tenders,_Metal_and_Plastic
Plastic	Forging_Machine_Setters,_Operators,_and_Tenders,_Metal_and_Plastic
Plastic	Grinding,_Lapping,_Polishing,_and_Buffing_Machine_Tool_Setters,_Operators,_and_Tenders,_Metal_and_Plastic
Plastic	Heat_Treating_Equipment_Setters,_Operators,_and_Tenders,_Metal_and_Plastic
Plastic	Lathe_and_Turning_Machine_Tool_Setters,_Operators,_and_Tenders,_Metal_and_Plastic
Plastic	Layout_Workers,_Metal_and_Plastic
Plastic	Milling_and_Planing_Machine_Setters,_Operators,_and_Tenders,_Metal_and_Plastic
Plastic	Model_Makers,_Metal_and_Plastic
Plastic	Molders,_Shapers,_and_Casters,_Except_Metal_and_Plastic
Plastic	Molding,_Coremaking,_and_Casting_Machine_Setters,_Operators,_and_Tenders,_Metal_and_Plastic
Plastic	Multiple_Machine_Tool_Setters,_Operators,_and_Tenders,_Metal_and_Plastic
Plastic	Patternmakers,_Metal_and_Plastic
Plastic	Plating_Machine_Setters,_Operators,_and_Tenders,_Metal_and_Plastic
Plastic	Rolling_Machine_Setters,_Operators,_and_Tenders,_Metal_and_Plastic
PlasticWorkersAllOther	Metal_Workers_and_Plastic_Workers,_All_Other
Podiatrists	Podiatrists
PolicyProcessingClerks	Insurance_Claims_and_Policy_Processing_Clerks
PolishingWorkersHand	Grinding_and_Polishing_Workers,_Hand
PoliticalScienceTeachersPostsecondary	Political_Science_Teachers,_Postsecondary
PoliticalScientists	Political_Scientists
PostalService	Mail_Clerks_and_Mail_Machine_Operators,_Except_Postal_Service
PostalServiceClerks	Postal_Service_Clerks
PostalServiceMailCarriers	Postal_Service_Mail_Carriers
PostingClerks	Billing_and_Posting_Clerks
PostsecondaryTeachersAllOther	Postsecondary_Teachers,_All_Other
PottersManufacturing	Potters,_Manufacturing
PowerPlantOperators	Power_Plant_Operators
PrecisionAgricultureTechnicians	Precision_Agriculture_Technicians
PreventionSpecialists	Forest_Fire_Inspectors_and_Prevention_Specialists
PreventionWorkers	First-Line_Supervisors_of_Firefighting_and_Prevention_Workers
PreventiveMedicinePhysicians	Preventive_Medicine_Physicians
PrintingPressOperators	Printing_Press_Operators
ProcessingMachineOperators	Photographic_Process_Workers_and_Processing_Machine_Operators
ProcessingMachineOperators	Postal_Service_Mail_Sorters,_Processors,_and_Processing_Machine_Operators
ProcurementClerks	Procurement_Clerks
ProductDevelopmentManagers	Biofuels_Biodiesel_Technology_and_Product_Development_Managers
ProductionWorkersAllOther	Production_Workers,_All_Other
ProductPromoters	Demonstrators_and_Product_Promoters
ProjectManagementSpecialists	Project_Management_Specialists
PromotionsManagers	Advertising_and_Promotions_Managers
Prosthetists	Orthotists_and_Prosthetists
Prosthodontists	Prosthodontists
ProtectionEngineers	Fire-Prevention_and_Protection_Engineers
ProtectiveServiceWorkersAllOther	Protective_Service_Workers,_All_Other
Pruners	Tree_Trimmers_and_Pruners
PsychiatricAides	Psychiatric_Aides
PsychiatricTechnicians	Psychiatric_Technicians
Psychiatrists	Psychiatrists
PsychologistsAllOther	Psychologists,_All_Other
PsychologyTeachersPostsecondary	Psychology_Teachers,_Postsecondary
PublicRelationsManagers	Public_Relations_Managers
PublicRelationsSpecialists	Public_Relations_Specialists
PublicSafetyTelecommunicators	Public_Safety_Telecommunicators
PurchasingAgentsFarmProducts	Buyers_and_Purchasing_Agents,_Farm_Products
PurchasingManagers	Purchasing_Managers
QualityControlAnalysts	Quality_Control_Analysts
QualityControlSystemsManagers	Quality_Control_Systems_Managers
RadiationTherapists	Radiation_Therapists
Radio	Disc_Jockeys,_Except_Radio
RadioDiscJockeys	Broadcast_Announcers_and_Radio_Disc_Jockeys
RadioFrequencyIdentificationDeviceSpecialists	Radio_Frequency_Identification_Device_Specialists
Radiologists	Radiologists
RailCarRepairers	Rail_Car_Repairers
RailroadPolice	Transit_and_Railroad_Police
RailTransportationWorkersAllOther	Rail_Transportation_Workers,_All_Other
RangeManagers	Range_Managers
RealEstateBrokers	Real_Estate_Brokers
RealEstateSalesAgents	Real_Estate_Sales_Agents
RebarWorkers	Reinforcing_Iron_and_Rebar_Workers
ReclamationWorkers	Recycling_and_Reclamation_Workers
RecordClerksAllOther	Information_and_Record_Clerks,_All_Other
RecordsOfficers	Police_Identification_and_Records_Officers
RecoveryOfficers	Aircraft_Launch_and_Recovery_Officers
RecoverySpecialists	Aircraft_Launch_and_Recovery_Specialists
RecreationalTherapists	Recreational_Therapists
RecreationalVehicleServiceTechnicians	Recreational_Vehicle_Service_Technicians
RecreationAttendants	Amusement_and_Recreation_Attendants
RecreationWorkers	Recreation_Workers
RecyclableMaterialCollectors	Refuse_and_Recyclable_Material_Collectors
RecyclingCoordinators	Recycling_Coordinators
RegionalPlanners	Urban_and_Regional_Planners
RegisteredNurses	Registered_Nurses
RegulatoryAffairsManagers	Regulatory_Affairs_Managers
RegulatoryAffairsSpecialists	Regulatory_Affairs_Specialists
RehabilitationCounselors	Rehabilitation_Counselors
RehabilitationPhysicians	Physical_Medicine_and_Rehabilitation_Physicians
RelatedMaterials	Pressers,_Textile,_Garment,_and_Related_Materials
RelatedRepairers	Automotive_Body_and_Related_Repairers
RelatedRepairers	Electric_Motor,_Power_Tool,_and_Related_Repairers
RelatedWorkers	Door-to-Door_Sales_Workers,_News_and_Street_Vendors,_and_Related_Workers
RelatedWorkersAllOther	Artists_and_Related_Workers,_All_Other
RelatedWorkersAllOther	Construction_and_Related_Workers,_All_Other
RelatedWorkersAllOther	Entertainers_and_Performers,_Sports_and_Related_Workers,_All_Other
RelatedWorkersAllOther	Entertainment_Attendants_and_Related_Workers,_All_Other
RelatedWorkersAllOther	Sales_and_Related_Workers,_All_Other
RelatedWorkersAllOther	Social_Scientists_and_Related_Workers,_All_Other
Relay	Electrical_and_Electronics_Repairers,_Powerhouse,_Substation,_and_Relay
ReligionTeachersPostsecondary	Philosophy_and_Religion_Teachers,_Postsecondary
ReligiousWorkersAllOther	Religious_Workers,_All_Other
RemoteSensingTechnicians	Remote_Sensing_Technicians
RentalClerks	Counter_and_Rental_Clerks
Repairers	Audiovisual_Equipment_Installers_and_Repairers
Repairers	Automotive_Glass_Installers_and_Repairers
Repairers	Coin,_Vending,_and_Amusement_Machine_Servicers_and_Repairers
Repairers	Electrical_Power-Line_Installers_and_Repairers
Repairers	Elevator_and_Escalator_Installers_and_Repairers
Repairers	First-Line_Supervisors_of_Mechanics,_Installers,_and_Repairers
Repairers	Radio,_Cellular,_and_Tower_Equipment_Installers_and_Repairers
Repairers	Shoe_and_Leather_Workers_and_Repairers
Repairers	Telecommunications_Line_Installers_and_Repairers
RepairersMotorVehicles	Electronic_Equipment_Installers_and_Repairers,_Motor_Vehicles
RepairersTransportationEquipment	Electrical_and_Electronics_Installers_and_Repairers,_Transportation_Equipment
RepairWorkers	Helpers--Installation,_Maintenance,_and_Repair_Workers
RepairWorkersAllOther	Installation,_Maintenance,_and_Repair_Workers,_All_Other
RepairWorkersGeneral	Maintenance_and_Repair_Workers,_General
ResidentialAdvisors	Residential_Advisors
ResortDeskClerks	Hotel,_Motel,_and_Resort_Desk_Clerks
RespiratoryTherapists	Respiratory_Therapists
RetailLossPreventionSpecialists	Retail_Loss_Prevention_Specialists
RetailSalespersons	Retail_Salespersons
RevenueAgents	Tax_Examiners_and_Collectors,_and_Revenue_Agents
Riggers	Riggers
RoboticsEngineers	Robotics_Engineers
RoboticsTechnicians	Robotics_Technicians
RockSplittersQuarry	Rock_Splitters,_Quarry
RoofBoltersMining	Roof_Bolters,_Mining
Roofers	Roofers
Runners	Gambling_and_Sports_Book_Writers_and_Runners
SafeRepairers	Locksmiths_and_Safe_Repairers
SafetySpecialists	Occupational_Health_and_Safety_Specialists
SafetyTechnicians	Occupational_Health_and_Safety_Technicians
SalesEngineers	Sales_Engineers
SalesManagers	Sales_Managers
SamplersRecordkeeping	Weighers,_Measurers,_Checkers,_and_Samplers,_Recordkeeping
Sawing	Woodworking_Machine_Setters,_Operators,_and_Tenders,_Except_Sawing
Scalers	Log_Graders_and_Scalers
SchoolBusMonitors	School_Bus_Monitors
SchoolPsychologists	School_Psychologists
SchoolSocialWorkers	Child,_Family,_and_School_Social_Workers
ScientificProducts	Sales_Representatives,_Wholesale_and_Manufacturing,_Except_Technical_and_Scientific_Products
ScientificProducts	Sales_Representatives,_Wholesale_and_Manufacturing,_Technical_and_Scientific_Products
Scouts	Coaches_and_Scouts
Searchers	Title_Examiners,_Abstractors,_and_Searchers
SearchMarketingStrategists	Search_Marketing_Strategists
SecurityGuards	Security_Guards
SecurityManagementSpecialists	Security_Management_Specialists
SecurityManagers	Security_Managers
SegmentalPavers	Segmental_Pavers
SelfEnrichmentTeachers	Self-Enrichment_Teachers
SemiconductorProcessingTechnicians	Semiconductor_Processing_Technicians
ServiceTechnicians	Aircraft_Mechanics_and_Service_Technicians
ServiceTechnicians	Farm_Equipment_Mechanics_and_Service_Technicians
ServiceTechnicians	Motorboat_Mechanics_and_Service_Technicians
ServiceWorkersAllOther	Personal_Care_and_Service_Workers,_All_Other
ServingRelatedWorkersAllOther	Food_Preparation_and_Serving_Related_Workers,_All_Other
ServingWorkers	First-Line_Supervisors_of_Food_Preparation_and_Serving_Workers
SewerPipeCleaners	Septic_Tank_Servicers_and_Sewer_Pipe_Cleaners
SewersHand	Sewers,_Hand
SewingMachineOperators	Sewing_Machine_Operators
Shampooers	Shampooers
Sharpeners	Tool_Grinders,_Filers,_and_Sharpeners
SheetMetalWorkers	Sheet_Metal_Workers
Sheriff'sPatrolOfficers	Police_and_Sheriffs_Patrol_Officers
ShipEngineers	Ship_Engineers
ShipLoaders	Tank_Car,_Truck,_and_Ship_Loaders
SimultaneousCaptioners	Court_Reporters_and_Simultaneous_Captioners
Singers	Musicians_and_Singers
SiteManagers	Brownfield_Redevelopment_Specialists_and_Site_Managers
SkincareSpecialists	Skincare_Specialists
SocialScienceResearchAssistants	Social_Science_Research_Assistants
SocialSciencesTeachersPostsecondaryAllOther	Social_Sciences_Teachers,_Postsecondary,_All_Other
SocialScienceTechniciansAllOther	Life,_Physical,_and_Social_Science_Technicians,_All_Other
SocialServiceSpecialistsAllOther	Community_and_Social_Service_Specialists,_All_Other
SocialWorkersAllOther	Social_Workers,_All_Other
SocialWorkTeachersPostsecondary	Social_Work_Teachers,_Postsecondary
Sociologists	Sociologists
SociologyTeachersPostsecondary	Sociology_Teachers,_Postsecondary
SoftwareDevelopers	Software_Developers
Solar	Energy_Engineers,_Except_Wind_and_Solar
SolarEnergyInstallationManagers	Solar_Energy_Installation_Managers
SolarEnergySystemsEngineers	Solar_Energy_Systems_Engineers
SolarPhotovoltaicInstallers	Solar_Photovoltaic_Installers
SortersAgriculturalProducts	Graders_and_Sorters,_Agricultural_Products
SoundEngineeringTechnicians	Sound_Engineering_Technicians
SpaceSciencesTeachersPostsecondary	Atmospheric,_Earth,_Marine,_and_Space_Sciences_Teachers,_Postsecondary
SpaceScientists	Atmospheric_and_Space_Scientists
SpaManagers	Spa_Managers
SpecialEducation	Elementary_School_Teachers,_Except_Special_Education
SpecialEducation	Kindergarten_Teachers,_Except_Special_Education
SpecialEducation	Preschool_Teachers,_Except_Special_Education
SpecialEducationTeachersAllOther	Special_Education_Teachers,_All_Other
SpecialEducationTeachersElementarySchool	Special_Education_Teachers,_Elementary_School
SpecialEducationTeachersKindergarten	Special_Education_Teachers,_Kindergarten
SpecialEducationTeachersMiddleSchool	Special_Education_Teachers,_Middle_School
SpecialEducationTeachersPreschool	Special_Education_Teachers,_Preschool
SpecialEducationTeachersSecondarySchool	Special_Education_Teachers,_Secondary_School
SpecialForces	Special_Forces
SpecialForcesOfficers	Special_Forces_Officers
SpeechLanguagePathologists	Speech-Language_Pathologists
SpeechLanguagePathologyAssistants	Speech-Language_Pathology_Assistants
SportsCompetitors	Athletes_and_Sports_Competitors
SportsMedicinePhysicians	Sports_Medicine_Physicians
StatisticalAssistants	Statistical_Assistants
Statisticians	Statisticians
Steamfitters	Helpers--Pipelayers,_Plumbers,_Pipefitters,_and_Steamfitters
Steamfitters	Plumbers,_Pipefitters,_and_Steamfitters
SteelWorkers	Structural_Iron_and_Steel_Workers
Stonemasons	Stonemasons
StoneSetters	Tile_and_Stone_Setters
StreetcarOperators	Subway_and_Streetcar_Operators
StuccoMasons	Helpers--Painters,_Paperhangers,_Plasterers,_and_Stucco_Masons
StuccoMasons	Plasterers_and_Stucco_Masons
SubstanceAbuseSocialWorkers	Mental_Health_and_Substance_Abuse_Social_Workers
SubstituteTeachersShortTerm	Substitute_Teachers,_Short-Term
SupplyChainManagers	Supply_Chain_Managers
SurgeonsAllOther	Surgeons,_All_Other
SurgicalAssistants	Surgical_Assistants
SurgicalTechnologists	Surgical_Technologists
Surveyors	Surveyors
SurveyResearchers	Survey_Researchers
SustainabilitySpecialists	Sustainability_Specialists
SystemOperators	Chemical_Plant_and_System_Operators
SystemOperators	Water_and_Wastewater_Treatment_Plant_and_System_Operators
SystemOperatorsAllOther	Plant_and_System_Operators,_All_Other
SystemsAssemblers	Aircraft_Structure,_Surfaces,_Rigging,_and_Systems_Assemblers
TacticalOperationsLeadersAllOther	Military_Officer_Special_and_Tactical_Operations_Leaders,_All_Other
TalentDirectors	Talent_Directors
TampingEquipmentOperators	Paving,_Surfacing,_and_Tamping_Equipment_Operators
Tapers	Tapers
TaxiDrivers	Taxi_Drivers
TaxPreparers	Tax_Preparers
TeachersPostsecondary	Nursing_Instructors_and_Teachers,_Postsecondary
TeachingAssistants	Teaching_Assistants,_Preschool,_Elementary,_Middle,_and_Secondary_School,_Except_Special_Education
TeachingAssistantsAllOther	Teaching_Assistants,_All_Other
TeachingAssistantsPostsecondary	Teaching_Assistants,_Postsecondary
TeachingAssistantsSpecialEducation	Teaching_Assistants,_Special_Education
TeamAssemblers	Team_Assemblers
TechnicalWorkersAllOther	Healthcare_Practitioners_and_Technical_Workers,_All_Other
TechnicalWriters	Technical_Writers
Technicians	Aerospace_Engineering_and_Operations_Technologists_and_Technicians
Technicians	Calibration_Technologists_and_Technicians
Technicians	Cardiovascular_Technologists_and_Technicians
Technicians	Civil_Engineering_Technologists_and_Technicians
Technicians	Electrical_and_Electronic_Engineering_Technologists_and_Technicians
Technicians	Electro-Mechanical_and_Mechatronics_Technologists_and_Technicians
Technicians	Environmental_Engineering_Technologists_and_Technicians
Technicians	Geographic_Information_Systems_Technologists_and_Technicians
Technicians	Industrial_Engineering_Technologists_and_Technicians
Technicians	Mechanical_Engineering_Technologists_and_Technicians
Technicians	Nanotechnology_Engineering_Technologists_and_Technicians
Technicians	Radiologic_Technologists_and_Technicians
Technicians	Solar_Thermal_Installers_and_Technicians
Technicians	Veterinary_Technologists_and_Technicians
Technicians	Weatherization_Installers_and_Technicians
TechniciansAllOther	Health_Technologists_and_Technicians,_All_Other
Technologists	Food_Scientists_and_Technologists
Technologists	Remote_Sensing_Scientists_and_Technologists
TelecommunicationsEngineeringSpecialists	Telecommunications_Engineering_Specialists
Telemarketers	Telemarketers
TelephoneOperators	Telephone_Operators
Tellers	Tellers
Tenders	Adhesive_Bonding_Machine_Operators_and_Tenders
Tenders	Chemical_Equipment_Operators_and_Tenders
Tenders	Cleaning,_Washing,_and_Metal_Pickling_Equipment_Operators_and_Tenders
Tenders	Coating,_Painting,_and_Spraying_Machine_Setters,_Operators,_and_Tenders
Tenders	Conveyor_Operators_and_Tenders
Tenders	Cooling_and_Freezing_Equipment_Operators_and_Tenders
Tenders	Crushing,_Grinding,_and_Polishing_Machine_Setters,_Operators,_and_Tenders
Tenders	Cutting_and_Slicing_Machine_Setters,_Operators,_and_Tenders
Tenders	Extruding,_Forming,_Pressing,_and_Compacting_Machine_Setters,_Operators,_and_Tenders
Tenders	Food_and_Tobacco_Roasting,_Baking,_and_Drying_Machine_Operators_and_Tenders
Tenders	Food_Cooking_Machine_Operators_and_Tenders
Tenders	Furnace,_Kiln,_Oven,_Drier,_and_Kettle_Operators_and_Tenders
Tenders	Metal-Refining_Furnace_Operators_and_Tenders
Tenders	Mixing_and_Blending_Machine_Setters,_Operators,_and_Tenders
Tenders	Packaging_and_Filling_Machine_Operators_and_Tenders
Tenders	Paper_Goods_Machine_Setters,_Operators,_and_Tenders
Tenders	Separating,_Filtering,_Clarifying,_Precipitating,_and_Still_Machine_Setters,_Operators,_and_Tenders
Tenders	Shoe_Machine_Operators_and_Tenders
Tenders	Textile_Bleaching_and_Dyeing_Machine_Operators_and_Tenders
Tenders	Textile_Cutting_Machine_Setters,_Operators,_and_Tenders
Tenders	Textile_Knitting_and_Weaving_Machine_Setters,_Operators,_and_Tenders
Tenders	Textile_Winding,_Twisting,_and_Drawing_Out_Machine_Setters,_Operators,_and_Tenders
Tenders	Welding,_Soldering,_and_Brazing_Machine_Setters,_Operators,_and_Tenders
TendersWood	Sawing_Machine_Setters,_Operators,_and_Tenders,_Wood
Testers	Software_Quality_Assurance_Analysts_and_Testers
TherapistsAllOther	Therapists,_All_Other
TicketTakers	Ushers,_Lobby_Attendants,_and_Ticket_Takers
Timekeeping	Human_Resources_Assistants,_Except_Payroll_and_Timekeeping
TimekeepingClerks	Payroll_and_Timekeeping_Clerks
TireBuilders	Tire_Builders
TowerOperators	Crane_and_Tower_Operators
TrackSwitchRepairers	Signal_and_Track_Switch_Repairers
TractorOperators	Industrial_Truck_and_Tractor_Operators
TractorTrailerTruckDrivers	Heavy_and_Tractor-Trailer_Truck_Drivers
TrafficTechnicians	Traffic_Technicians
Translators	Interpreters_and_Translators
TransportationEngineers	Transportation_Engineers
TransportationInspectors	Transportation_Inspectors
TransportationPlanners	Transportation_Planners
TransportationSecurityScreeners	Transportation_Security_Screeners
TransportationWorkersAllOther	Transportation_Workers,_All_Other
Travel	Sales_Representatives_of_Services,_Except_Advertising,_Insurance,_Financial_Services,_and_Travel
TravelAgents	Travel_Agents
TravelClerks	Reservation_and_Transportation_Ticket_Agents_and_Travel_Clerks
TravelGuides	Travel_Guides
TreatingPractitionersAllOther	Healthcare_Diagnosing_or_Treating_Practitioners,_All_Other
Trimmers	Meat,_Poultry,_and_Fish_Cutters_and_Trimmers
TrimmersHand	Cutters_and_Trimmers,_Hand
Tuners	Musical_Instrument_Repairers_and_Tuners
Tutors	Tutors
Typists	Word_Processors_and_Typists
UndergroundMiningMachineOperatorsAllOther	Underground_Mining_Machine_Operators,_All_Other
Upholsterers	Upholsterers
Urologists	Urologists
ValidationEngineers	Validation_Engineers
VehicleOperators	First-Line_Supervisors_of_Material-Moving_Machine_and_Vehicle_Operators
Veterinarians	Veterinarians
VideoEditors	Film_and_Video_Editors
VideoGameDesigners	Video_Game_Designers
VideoTechnicians	Audio_and_Video_Technicians
VisionRehabilitationTherapists	Low_Vision_Therapists,_Orientation_and_Mobility_Specialists,_and_Vision_Rehabilitation_Therapists
Waitresses	Waiters_and_Waitresses
Wall	Insulation_Workers,_Floor,_Ceiling,_and_Wall
WatercraftServiceAttendants	Automotive_and_Watercraft_Service_Attendants
WaterResourceSpecialists	Water_Resource_Specialists
WaterWastewaterEngineers	Water_Wastewater_Engineers
WebAdministrators	Web_Administrators
WebDevelopers	Web_Developers
Weighers	Inspectors,_Testers,_Sorters,_Samplers,_and_Weighers
WellheadPumpers	Pump_Operators,_Except_Wellhead_Pumpers
WellheadPumpers	Wellhead_Pumpers
WellnessCoordinators	Fitness_and_Wellness_Coordinators
WildlifeBiologists	Zoologists_and_Wildlife_Biologists
WinchOperators	Hoist_and_Winch_Operators
WindEnergyDevelopmentManagers	Wind_Energy_Development_Managers
WindEnergyEngineers	Wind_Energy_Engineers
WindEnergyOperationsManagers	Wind_Energy_Operations_Managers
WindowTrimmers	Merchandise_Displayers_and_Window_Trimmers
WindTurbineServiceTechnicians	Wind_Turbine_Service_Technicians
WoodworkersAllOther	Woodworkers,_All_Other
Workers	Prepress_Technicians_and_Workers
Yardmasters	Railroad_Conductors_and_Yardmasters