serviceUrl	serviceName	productUrl	productName	relationshipType	confidence	matchType
https://napcs.org.ai/Service/Crudeoil	crude oil	https://unspsc.org.ai/Product/CrudeOil	Crude oil	relatedTo	high	exact
https://napcs.org.ai/Service/Hardwood	hardwood	https://unspsc.org.ai/Product/Hardwoods	Hardwoods	relatedTo	high	partial
https://napcs.org.ai/Service/Ice	Ice	https://unspsc.org.ai/Product/Ice	Ice	relatedTo	high	exact
https://napcs.org.ai/Service/Barrels	barrels	https://unspsc.org.ai/Product/Barrels	Barrels	relatedTo	high	exact
https://napcs.org.ai/Service/Nicotine	nicotine	https://unspsc.org.ai/Product/Nicotine	Nicotine	relatedTo	high	exact
https://napcs.org.ai/Service/Femininehygieneproducts	Feminine hygiene products	https://unspsc.org.ai/Product/FeminineHygieneProducts	Feminine hygiene products	relatedTo	high	exact
https://napcs.org.ai/Service/Wallpaper	Wallpaper	https://unspsc.org.ai/Product/Wallpaper	Wallpaper	relatedTo	high	exact
https://napcs.org.ai/Service/Aircraft	aircraft	https://unspsc.org.ai/Product/Aircraft	Aircraft	relatedTo	high	exact
https://napcs.org.ai/Service/Matches	matches	https://unspsc.org.ai/Product/Matches	Matches	relatedTo	high	exact
https://napcs.org.ai/Service/Veterinaryexceptdiagnostic	veterinary (except diagnostic)	https://unspsc.org.ai/Product/Veterinary	Veterinary	relatedTo	high	exact
https://napcs.org.ai/Service/Cutting	cutting	https://unspsc.org.ai/Product/Cuttings	Cuttings	relatedTo	high	partial
https://napcs.org.ai/Service/Lenses	Lenses	https://unspsc.org.ai/Product/Lenses	Lenses	relatedTo	high	exact
https://napcs.org.ai/Service/Rollerbearings	roller bearings	https://unspsc.org.ai/Product/RollerBearings	Roller bearings	relatedTo	high	exact
https://napcs.org.ai/Service/Watertreatmentequipment	water treatment equipment	https://unspsc.org.ai/Product/WaterTreatmentEquipment	Water treatment equipment	relatedTo	high	exact
https://napcs.org.ai/Service/Packing	Packing	https://unspsc.org.ai/Product/Packings	Packings	relatedTo	high	partial
https://napcs.org.ai/Service/Powersaws	power saws	https://unspsc.org.ai/Product/PowerSaws	Power saws	relatedTo	high	exact
https://napcs.org.ai/Service/Compactpassengercars	compact passenger cars	https://unspsc.org.ai/Product/CompactPassengerCars	Compact passenger cars	relatedTo	high	exact
https://napcs.org.ai/Service/Midsizepassengercars	mid-size passenger cars	https://unspsc.org.ai/Product/MidsizePassengerCars	Mid-size passenger cars	relatedTo	high	exact
https://napcs.org.ai/Service/Fullsizepassengercars	full-size passenger cars	https://unspsc.org.ai/Product/FullsizePassengerCars	Full-size passenger cars	relatedTo	high	exact
https://napcs.org.ai/Service/Gasolineengine	gasoline engine	https://unspsc.org.ai/Product/GasolineEngines	Gasoline engines	relatedTo	high	partial
https://napcs.org.ai/Service/Dieselengine	diesel engine	https://unspsc.org.ai/Product/DieselEngines	Diesel engines	relatedTo	high	partial
https://napcs.org.ai/Service/Heavydutytrucks	heavy-duty trucks	https://unspsc.org.ai/Product/HeavydutyTrucks	Heavy-duty trucks	relatedTo	high	exact
https://napcs.org.ai/Service/Mediumdutytrucks	medium-duty trucks	https://unspsc.org.ai/Product/MediumdutyTrucks	Medium-duty trucks	relatedTo	high	exact
https://napcs.org.ai/Service/Dieselengines	Diesel engines	https://unspsc.org.ai/Product/DieselEngines	Diesel engines	relatedTo	high	exact
https://napcs.org.ai/Service/Motorvehicleseats	motor vehicle seats	https://unspsc.org.ai/Product/MotorVehicleSeats	Motor vehicle seats	relatedTo	high	exact
https://napcs.org.ai/Service/Motorvehicleairconditioningsystemsexceptcompressorsandfilters	motor vehicle air-conditioning systems (except compressors and filters)	https://unspsc.org.ai/Product/MotorVehicleAirconditioningSystems	Motor vehicle air-conditioning systems	relatedTo	high	exact
https://napcs.org.ai/Service/Bicycles	Bicycles	https://unspsc.org.ai/Product/Bicycles	Bicycles	relatedTo	high	exact
https://napcs.org.ai/Service/Militaryarmouredvehicles	military armoured vehicles	https://unspsc.org.ai/Product/MilitaryArmouredVehicles	Military armoured vehicles	relatedTo	high	exact
https://napcs.org.ai/Service/Prefabricatedwoodbuildings	prefabricated wood buildings	https://unspsc.org.ai/Product/PrefabricatedWoodBuildings	Prefabricated wood buildings	relatedTo	high	exact
https://napcs.org.ai/Service/Batterychargers	Battery chargers	https://unspsc.org.ai/Product/BatteryChargers	Battery chargers	relatedTo	high	exact
https://napcs.org.ai/Service/Golfequipment	Golf equipment	https://unspsc.org.ai/Product/GolfEquipment	Golf equipment	relatedTo	high	exact
https://napcs.org.ai/Service/Transportationofcrudeoil	Transportation of crude oil	https://unspsc.org.ai/Product/CrudeOil	Crude oil	transports	high	exact
https://napcs.org.ai/Service/Rentaloffreightrailcars	Rental of freight rail cars	https://unspsc.org.ai/Product/FreightRailCars	Freight rail cars	rents	high	exact
https://napcs.org.ai/Service/Leasingoffreightrailcars	leasing of freight rail cars	https://unspsc.org.ai/Product/FreightRailCars	Freight rail cars	rents	high	exact
https://napcs.org.ai/Service/Coastalservicesbywater	Coastal services by water	https://unspsc.org.ai/Product/Water	Water	relatedTo	high	exact
https://napcs.org.ai/Service/GreatLakesfixedroutepassengertransportationservicesbywater	Great Lakes fixed route passenger transportation services by water	https://unspsc.org.ai/Product/Water	Water	relatedTo	high	exact
https://napcs.org.ai/Service/Otherpassengertransportationservicesbywater	Other passenger transportation services by water	https://unspsc.org.ai/Product/Water	Water	relatedTo	high	exact
https://napcs.org.ai/Service/Sightseeingservicesbywater	Sightseeing services by water	https://unspsc.org.ai/Product/Water	Water	relatedTo	high	exact
https://napcs.org.ai/Service/Maintenanceservicesforrailwaytracks	Maintenance services for railway tracks	https://unspsc.org.ai/Product/RailwayTracks	Railway tracks	maintains	high	exact
https://napcs.org.ai/Service/Repairservicesforrailwaytracks	repair services for railway tracks	https://unspsc.org.ai/Product/RailwayTracks	Railway tracks	maintains	high	exact
https://napcs.org.ai/Service/Relatedservicesforrailwaytracks	related services for railway tracks	https://unspsc.org.ai/Product/RailwayTracks	Railway tracks	relatedTo	high	exact
https://napcs.org.ai/Service/Restaurants	restaurants	https://unspsc.org.ai/Product/Restaurants	Restaurants	relatedTo	high	exact
https://napcs.org.ai/Service/Maintenanceservicesforcommercialrefrigerationequipmentexceptcleaning	Maintenance services for commercial refrigeration equipment (except cleaning)	https://unspsc.org.ai/Product/CommercialRefrigerationEquipment	Commercial refrigeration equipment	maintains	high	exact
https://napcs.org.ai/Service/Repairservicesforcommercialrefrigerationequipmentexceptcleaning	repair services for commercial refrigeration equipment (except cleaning)	https://unspsc.org.ai/Product/CommercialRefrigerationEquipment	Commercial refrigeration equipment	maintains	high	exact
https://napcs.org.ai/Service/Licensingoffranchisingagreements	Licensing of franchising agreements	https://unspsc.org.ai/Product/FranchisingAgreements	Franchising agreements	relatedTo	high	exact
https://napcs.org.ai/Service/Radio	radio	https://unspsc.org.ai/Product/Radios	Radios	relatedTo	high	partial
https://napcs.org.ai/Service/Television	television	https://unspsc.org.ai/Product/Televisions	Televisions	relatedTo	high	partial
https://napcs.org.ai/Service/Feesforthedistributionoftelevision	Fees for the distribution of television	https://unspsc.org.ai/Product/Televisions	Televisions	relatedTo	high	partial
https://napcs.org.ai/Service/Unsecuredloans	Unsecured loans	https://unspsc.org.ai/Product/UnsecuredLoan	Unsecured loan	relatedTo	high	partial
https://napcs.org.ai/Service/Architecturalservicesforhotel	Architectural services for hotel	https://unspsc.org.ai/Product/Hotels	Hotels	relatedTo	high	partial
https://napcs.org.ai/Service/Consultingservicesformapping	Consulting services for mapping	https://unspsc.org.ai/Product/Mapping	Mapping	relatedTo	high	exact
https://napcs.org.ai/Service/Expertwitnessservicesformapping	expert-witness services for mapping	https://unspsc.org.ai/Product/Mapping	Mapping	relatedTo	high	exact
https://napcs.org.ai/Service/Permanentplacement	permanent placement	https://unspsc.org.ai/Product/PermanentPlacement	Permanent placement	relatedTo	high	exact
https://napcs.org.ai/Service/Temporarystaffing	Temporary staffing	https://unspsc.org.ai/Product/TemporaryStaffing	Temporary staffing	relatedTo	high	exact
https://napcs.org.ai/Service/Landscapingservicesservicesforparkinglots	Landscaping services services for parking lots	https://unspsc.org.ai/Product/ParkingLots	Parking lots	relatedTo	high	exact
https://napcs.org.ai/Service/Snowremovalservicesforparkinglots	snow removal services for parking lots	https://unspsc.org.ai/Product/ParkingLots	Parking lots	installs	high	exact
https://napcs.org.ai/Service/Water	water	https://unspsc.org.ai/Product/Water	Water	relatedTo	high	exact
https://napcs.org.ai/Service/Irrigationsystems	irrigation systems	https://unspsc.org.ai/Product/IrrigationSystems	Irrigation Systems	relatedTo	high	exact
https://napcs.org.ai/Service/Museumsexceptartmuseums	museums (except art museums)	https://unspsc.org.ai/Product/Museums	Museums	relatedTo	high	exact
https://napcs.org.ai/Service/Reservationservicesforvehiclerental	Reservation services for vehicle rental	https://unspsc.org.ai/Product/VehicleRental	Vehicle rental	relatedTo	high	exact
https://napcs.org.ai/Service/Reservationservicesforprepackagedtours	Reservation services for pre-packaged tours	https://unspsc.org.ai/Product/PrepackagedTours	Pre-packaged tours	relatedTo	high	exact
https://napcs.org.ai/Service/Technicalconsultantservicesforclaimmanagement	Technical consultant services for claim management	https://unspsc.org.ai/Product/ClaimManagement	Claim management	relatedTo	high	exact
https://napcs.org.ai/Service/Constructionofprimates	Construction of primates	https://unspsc.org.ai/Product/Primates	Primates	relatedTo	high	exact
https://napcs.org.ai/Service/Zinc	Zinc	https://unspsc.org.ai/Product/Zinc	Zinc	relatedTo	high	exact
https://napcs.org.ai/Service/Cleaningservicesforparks	Cleaning services for parks	https://unspsc.org.ai/Product/Park	Park	relatedTo	high	partial
https://napcs.org.ai/Service/Fluorescentlamps	fluorescent lamps	https://unspsc.org.ai/Product/FluorescentLamps	Fluorescent lamps	relatedTo	high	exact
https://napcs.org.ai/Service/Lampballasts	lamp ballasts	https://unspsc.org.ai/Product/LampBallasts	Lamp ballasts	relatedTo	high	exact
https://napcs.org.ai/Service/Microbiologicaltestingofsoil	Microbiological testing of soil	https://unspsc.org.ai/Product/Soil	Soil	relatedTo	high	exact
https://napcs.org.ai/Service/Metalstestingofsoil	Metals testing of soil	https://unspsc.org.ai/Product/Soil	Soil	relatedTo	high	exact
https://napcs.org.ai/Service/Inorganicstestingofsoil	Inorganics testing of soil	https://unspsc.org.ai/Product/Soil	Soil	relatedTo	high	exact
https://napcs.org.ai/Service/Semivolatileorganicstestingofsoil	Semi-volatile organics testing of soil	https://unspsc.org.ai/Product/Soil	Soil	relatedTo	high	exact
https://napcs.org.ai/Service/Volatileorganicstestingofsoil	Volatile organics testing of soil	https://unspsc.org.ai/Product/Soil	Soil	relatedTo	high	exact
https://napcs.org.ai/Service/Tankers	tankers	https://unspsc.org.ai/Product/Tankers	Tankers	relatedTo	high	exact
https://napcs.org.ai/Service/Vehicleleasingofstationwagons	Vehicle leasing of station wagons	https://unspsc.org.ai/Product/StationWagons	Station wagons	rents	high	exact
https://napcs.org.ai/Service/Ambulance	ambulance	https://unspsc.org.ai/Product/Ambulances	Ambulances	relatedTo	high	partial
https://napcs.org.ai/Service/Technicalserviceforartgallery	Technical service for art gallery	https://unspsc.org.ai/Product/ArtGallery	Art gallery	relatedTo	high	exact
https://napcs.org.ai/Service/Curatorialserviceforartgallery	Curatorial service for art gallery	https://unspsc.org.ai/Product/ArtGallery	Art gallery	relatedTo	high	exact
https://napcs.org.ai/Service/Diagnosisofbone	Diagnosis of bone	https://unspsc.org.ai/Product/Bones	Bones	relatedTo	high	partial
https://napcs.org.ai/Service/Diagnosisofaorticvalves	Diagnosis of aortic valves	https://unspsc.org.ai/Product/AorticValves	Aortic valves	relatedTo	high	exact
https://napcs.org.ai/Service/Diagnosisoftricuspidvalves	Diagnosis of tricuspid valves	https://unspsc.org.ai/Product/TricuspidValves	Tricuspid valves	relatedTo	high	exact
https://napcs.org.ai/Service/Diagnosisofgreases	Diagnosis of greases	https://unspsc.org.ai/Product/Grease	Grease	relatedTo	high	partial
https://napcs.org.ai/Service/Diagnosisofwells	Diagnosis of wells	https://unspsc.org.ai/Product/Well	Well	relatedTo	high	partial
https://napcs.org.ai/Service/Diagnosisofboneplate	Diagnosis of bone plate	https://unspsc.org.ai/Product/BonePlates	Bone plates	relatedTo	high	partial
https://napcs.org.ai/Service/Diagnosisofhand	Diagnosis of hand	https://unspsc.org.ai/Product/Hand	Hand	relatedTo	high	exact
https://napcs.org.ai/Service/Thediagnosisofhand	The diagnosis of hand	https://unspsc.org.ai/Product/Hand	Hand	relatedTo	high	exact
https://napcs.org.ai/Service/Thediagnosisofburn	The diagnosis of burn	https://unspsc.org.ai/Product/Burn	Burn	relatedTo	high	exact
https://napcs.org.ai/Service/Thediagnosisoffungicides	The diagnosis of fungicides	https://unspsc.org.ai/Product/Fungicides	Fungicides	relatedTo	high	exact
https://napcs.org.ai/Service/Thediagnosisofnicotine	The diagnosis of nicotine	https://unspsc.org.ai/Product/Nicotine	Nicotine	relatedTo	high	exact
https://napcs.org.ai/Service/Thediagnosisofnitricacids	The diagnosis of nitric acids	https://unspsc.org.ai/Product/NitricAcid	Nitric acid	relatedTo	high	partial
https://napcs.org.ai/Service/Thediagnosisoftissues	The diagnosis of tissues	https://unspsc.org.ai/Product/Tissues	Tissues	relatedTo	high	exact
https://napcs.org.ai/Service/Thediagnosisoftissue	The diagnosis of tissue	https://unspsc.org.ai/Product/Tissues	Tissues	relatedTo	high	partial
https://napcs.org.ai/Service/Thediagnosisofbus	The diagnosis of bus	https://unspsc.org.ai/Product/Bu	Bu	relatedTo	high	partial
https://napcs.org.ai/Service/Thediagnosisofskateboards	The diagnosis of skateboards	https://unspsc.org.ai/Product/Skateboard	Skateboard	relatedTo	high	partial
https://napcs.org.ai/Service/Thediagnosisofbees	The diagnosis of bees	https://unspsc.org.ai/Product/Bees	Bees	relatedTo	high	exact
https://napcs.org.ai/Service/Thediagnosisoftetracyclines	The diagnosis of tetracyclines	https://unspsc.org.ai/Product/Tetracycline	Tetracycline	relatedTo	high	partial
https://napcs.org.ai/Service/Thediagnosisofrifamycins	The diagnosis of rifamycins	https://unspsc.org.ai/Product/Rifamycin	Rifamycin	relatedTo	high	partial
https://napcs.org.ai/Service/Thediagnosisofsulfonamides	The diagnosis of sulfonamides	https://unspsc.org.ai/Product/Sulfonamides	Sulfonamides	relatedTo	high	exact
https://napcs.org.ai/Service/Thediagnosisofinsulin	The diagnosis of insulin	https://unspsc.org.ai/Product/Insulin	Insulin	relatedTo	high	exact
https://napcs.org.ai/Service/Thediagnosisofenzymes	The diagnosis of enzymes	https://unspsc.org.ai/Product/Enzymes	Enzymes	relatedTo	high	exact
https://napcs.org.ai/Service/Thediagnosisofvalproicacid	The diagnosis of valproic acid	https://unspsc.org.ai/Product/ValproicAcid	Valproic acid	relatedTo	high	exact
https://napcs.org.ai/Service/Thediagnosisofparaldehyde	The diagnosis of paraldehyde	https://unspsc.org.ai/Product/Paraldehyde	Paraldehyde	relatedTo	high	exact
https://napcs.org.ai/Service/Thediagnosisofplaguevaccine	The diagnosis of plague vaccine	https://unspsc.org.ai/Product/PlagueVaccine	Plague vaccine	relatedTo	high	exact
https://napcs.org.ai/Service/Thediagnosisoftetanusvaccine	The diagnosis of tetanus vaccine	https://unspsc.org.ai/Product/TetanusVaccine	Tetanus vaccine	relatedTo	high	exact
https://napcs.org.ai/Service/Thediagnosisofpacking	The diagnosis of packing	https://unspsc.org.ai/Product/Packings	Packings	relatedTo	high	partial
https://napcs.org.ai/Service/Thediagnosisofinfusion	The diagnosis of infusion	https://unspsc.org.ai/Product/Infusions	Infusions	relatedTo	high	partial
https://napcs.org.ai/Service/Thediagnosisofcontactlenses	The diagnosis of contact lenses	https://unspsc.org.ai/Product/ContactLenses	Contact lenses	relatedTo	high	exact
https://napcs.org.ai/Service/Thediagnosisofsutures	The diagnosis of sutures	https://unspsc.org.ai/Product/Sutures	Sutures	relatedTo	high	exact
https://napcs.org.ai/Service/Respiratoryventilationgreaterthan96consecutivehours	respiratory ventilation,  greater than 96 consecutive hours	https://unspsc.org.ai/Product/RespiratoryVentilationGreaterThan96ConsecutiveHours	Respiratory ventilation,  greater than 96 consecutive hours	relatedTo	high	exact
https://napcs.org.ai/Service/Respiratoryventilation2496consecutivehours	respiratory ventilation,  24-96 consecutive hours	https://unspsc.org.ai/Product/RespiratoryVentilation2496ConsecutiveHours	Respiratory ventilation,  24-96 consecutive hours	relatedTo	high	exact
https://napcs.org.ai/Service/Respiratoryventilationlessthan24consecutivehours	respiratory ventilation,  less than 24 consecutive hours	https://unspsc.org.ai/Product/RespiratoryVentilationLessThan24ConsecutiveHours	Respiratory ventilation,  less than 24 consecutive hours	relatedTo	high	exact
https://napcs.org.ai/Service/Ultrasonographyofleftheart	Ultrasonography of left heart	https://unspsc.org.ai/Product/UltrasonographyOfLeftHeart	Ultrasonography of left heart	relatedTo	high	exact
https://napcs.org.ai/Service/Ultrasonographyoflefthearttransesophageal	Ultrasonography of left heart, transesophageal	https://unspsc.org.ai/Product/UltrasonographyOfLeftHeartTransesophageal	Ultrasonography of left heart, transesophageal	relatedTo	high	exact
https://napcs.org.ai/Service/Ultrasonographyofleftheartintravascular	Ultrasonography of left heart, intravascular	https://unspsc.org.ai/Product/UltrasonographyOfLeftHeartIntravascular	Ultrasonography of left heart, intravascular	relatedTo	high	exact
https://napcs.org.ai/Service/Ultrasonographyofleftheartusingothercontrast	Ultrasonography of left heart using other contrast	https://unspsc.org.ai/Product/UltrasonographyOfLeftHeartUsingOtherContrast	Ultrasonography of left heart using other contrast	relatedTo	high	exact
https://napcs.org.ai/Service/Fluoroscopyofleftheartusingothercontrast	Fluoroscopy of left heart using other contrast	https://unspsc.org.ai/Product/FluoroscopyOfLeftHeartUsingOtherContrast	Fluoroscopy of left heart using other contrast	relatedTo	high	exact
https://napcs.org.ai/Service/Fluoroscopyofleftheartusinglowosmolarcontrast	Fluoroscopy of left heart using low osmolar contrast	https://unspsc.org.ai/Product/FluoroscopyOfLeftHeartUsingLowOsmolarContrast	Fluoroscopy of left heart using low osmolar contrast	relatedTo	high	exact
https://napcs.org.ai/Service/Fluoroscopyofleftheartusinghighosmolarcontrast	Fluoroscopy of left heart using high osmolar contrast	https://unspsc.org.ai/Product/FluoroscopyOfLeftHeartUsingHighOsmolarContrast	Fluoroscopy of left heart using high osmolar contrast	relatedTo	high	exact
https://napcs.org.ai/Service/Plainradiographyofleftheartusingothercontrast	Plain radiography of left heart using other contrast	https://unspsc.org.ai/Product/PlainRadiographyOfLeftHeartUsingOtherContrast	Plain radiography of left heart using other contrast	relatedTo	high	exact
https://napcs.org.ai/Service/Plainradiographyofleftheartusinglowosmolarcontrast	Plain radiography of left heart using low osmolar contrast	https://unspsc.org.ai/Product/PlainRadiographyOfLeftHeartUsingLowOsmolarContrast	Plain radiography of left heart using low osmolar contrast	relatedTo	high	exact
https://napcs.org.ai/Service/Plainradiographyofleftheartusinghighosmolarcontrast	Plain radiography of left heart using high osmolar contrast	https://unspsc.org.ai/Product/PlainRadiographyOfLeftHeartUsingHighOsmolarContrast	Plain radiography of left heart using high osmolar contrast	relatedTo	high	exact
https://napcs.org.ai/Service/Ultrasonographyofabdomen	Ultrasonography of abdomen	https://unspsc.org.ai/Product/UltrasonographyOfAbdomen	Ultrasonography of abdomen	relatedTo	high	exact
https://napcs.org.ai/Service/Fluoroscopyofpelvis	Fluoroscopy of pelvis	https://unspsc.org.ai/Product/FluoroscopyOfPelvis	Fluoroscopy of pelvis	relatedTo	high	exact
https://napcs.org.ai/Service/Fluoroscopyofpelvisusingothercontrast	Fluoroscopy of pelvis using other contrast	https://unspsc.org.ai/Product/FluoroscopyOfPelvisUsingOtherContrast	Fluoroscopy of pelvis using other contrast	relatedTo	high	exact
https://napcs.org.ai/Service/Fluoroscopyofpelvisusinglowosmolarcontrast	Fluoroscopy of pelvis using low osmolar contrast	https://unspsc.org.ai/Product/FluoroscopyOfPelvisUsingLowOsmolarContrast	Fluoroscopy of pelvis using low osmolar contrast	relatedTo	high	exact
https://napcs.org.ai/Service/Fluoroscopyofpelvisusinghighosmolarcontrast	Fluoroscopy of pelvis using high osmolar contrast	https://unspsc.org.ai/Product/FluoroscopyOfPelvisUsingHighOsmolarContrast	Fluoroscopy of pelvis using high osmolar contrast	relatedTo	high	exact
https://napcs.org.ai/Service/Plainradiographyofabdomen	Plain radiography of abdomen	https://unspsc.org.ai/Product/PlainRadiographyOfAbdomen	Plain radiography of abdomen	relatedTo	high	exact
https://napcs.org.ai/Service/Plainradiographyofpelvis	Plain radiography of pelvis	https://unspsc.org.ai/Product/PlainRadiographyOfPelvis	Plain radiography of pelvis	relatedTo	high	exact
https://napcs.org.ai/Service/Ultrasonographyofneck	Ultrasonography of neck	https://unspsc.org.ai/Product/UltrasonographyOfNeck	Ultrasonography of neck	relatedTo	high	exact
https://napcs.org.ai/Service/Chest	chest	https://unspsc.org.ai/Product/Chests	Chests	relatedTo	high	partial
https://napcs.org.ai/Service/Diaphragm	diaphragm	https://unspsc.org.ai/Product/Diaphragms	Diaphragms	relatedTo	high	partial
https://napcs.org.ai/Service/Fluoroscopyofuppergi	Fluoroscopy of upper gi	https://unspsc.org.ai/Product/FluoroscopyOfUpperGi	Fluoroscopy of upper gi	relatedTo	high	exact
https://napcs.org.ai/Service/Fluoroscopyofsmallbowel	Fluoroscopy of small bowel	https://unspsc.org.ai/Product/FluoroscopyOfSmallBowel	Fluoroscopy of small bowel	relatedTo	high	exact
https://napcs.org.ai/Service/Fluoroscopyofsmallbowelusingothercontrast	Fluoroscopy of small bowel using other contrast	https://unspsc.org.ai/Product/FluoroscopyOfSmallBowelUsingOtherContrast	Fluoroscopy of small bowel using other contrast	relatedTo	high	exact
https://napcs.org.ai/Service/Ultrasonographyofuterus	Ultrasonography of uterus	https://unspsc.org.ai/Product/UltrasonographyOfUterus	Ultrasonography of uterus	relatedTo	high	exact
https://napcs.org.ai/Service/Fluoroscopyofuterus	Fluoroscopy of uterus	https://unspsc.org.ai/Product/FluoroscopyOfUterus	Fluoroscopy of uterus	relatedTo	high	exact
https://napcs.org.ai/Service/Ultrasonographyofliver	Ultrasonography of liver	https://unspsc.org.ai/Product/UltrasonographyOfLiver	Ultrasonography of liver	relatedTo	high	exact
https://napcs.org.ai/Service/Ultrasonographyofgallbladder	Ultrasonography of gallbladder	https://unspsc.org.ai/Product/UltrasonographyOfGallbladder	Ultrasonography of gallbladder	relatedTo	high	exact
https://napcs.org.ai/Service/Ultrasonographyofbileducts	Ultrasonography of bile ducts	https://unspsc.org.ai/Product/UltrasonographyOfBileDucts	Ultrasonography of bile ducts	relatedTo	high	exact
https://napcs.org.ai/Service/Fluoroscopyofpancreaticductsusingothercontrast	Fluoroscopy of pancreatic ducts using other contrast	https://unspsc.org.ai/Product/FluoroscopyOfPancreaticDuctsUsingOtherContrast	Fluoroscopy of pancreatic ducts using other contrast	relatedTo	high	exact
https://napcs.org.ai/Service/Fluoroscopyofpancreaticductsusinglowosmolarcontrast	Fluoroscopy of pancreatic ducts using low osmolar contrast	https://unspsc.org.ai/Product/FluoroscopyOfPancreaticDuctsUsingLowOsmolarContrast	Fluoroscopy of pancreatic ducts using low osmolar contrast	relatedTo	high	exact
https://napcs.org.ai/Service/Fluoroscopyofpancreaticductsusinghighosmolarcontrast	Fluoroscopy of pancreatic ducts using high osmolar contrast	https://unspsc.org.ai/Product/FluoroscopyOfPancreaticDuctsUsingHighOsmolarContrast	Fluoroscopy of pancreatic ducts using high osmolar contrast	relatedTo	high	exact
https://napcs.org.ai/Service/Fluoroscopyofbileductsusingothercontrast	Fluoroscopy of bile ducts using other contrast	https://unspsc.org.ai/Product/FluoroscopyOfBileDuctsUsingOtherContrast	Fluoroscopy of bile ducts using other contrast	relatedTo	high	exact
https://napcs.org.ai/Service/Fluoroscopyofbileductsusinglowosmolarcontrast	Fluoroscopy of bile ducts using low osmolar contrast	https://unspsc.org.ai/Product/FluoroscopyOfBileDuctsUsingLowOsmolarContrast	Fluoroscopy of bile ducts using low osmolar contrast	relatedTo	high	exact
https://napcs.org.ai/Service/Fluoroscopyofbileductsusinghighosmolarcontrast	Fluoroscopy of bile ducts using high osmolar contrast	https://unspsc.org.ai/Product/FluoroscopyOfBileDuctsUsingHighOsmolarContrast	Fluoroscopy of bile ducts using high osmolar contrast	relatedTo	high	exact
https://napcs.org.ai/Service/Plainradiographyofbileductsusingothercontrast	Plain radiography of bile ducts using other contrast	https://unspsc.org.ai/Product/PlainRadiographyOfBileDuctsUsingOtherContrast	Plain radiography of bile ducts using other contrast	relatedTo	high	exact
https://napcs.org.ai/Service/Plainradiographyofbileductsusinglowosmolarcontrast	Plain radiography of bile ducts using low osmolar contrast	https://unspsc.org.ai/Product/PlainRadiographyOfBileDuctsUsingLowOsmolarContrast	Plain radiography of bile ducts using low osmolar contrast	relatedTo	high	exact
https://napcs.org.ai/Service/Plainradiographyofbileductsusinghighosmolarcontrast	Plain radiography of bile ducts using high osmolar contrast	https://unspsc.org.ai/Product/PlainRadiographyOfBileDuctsUsingHighOsmolarContrast	Plain radiography of bile ducts using high osmolar contrast	relatedTo	high	exact
https://napcs.org.ai/Service/Upperextremity	upper extremity	https://unspsc.org.ai/Product/UpperExtremity	Upper Extremity	relatedTo	high	exact
https://napcs.org.ai/Service/Lowerextremity	lower extremity	https://unspsc.org.ai/Product/LowerExtremity	Lower Extremity	relatedTo	high	exact
https://napcs.org.ai/Service/Ultrasonographyofbladder	Ultrasonography of bladder	https://unspsc.org.ai/Product/UltrasonographyOfBladder	Ultrasonography of bladder	relatedTo	high	exact
https://napcs.org.ai/Service/Fluoroscopyofbladder	Fluoroscopy of bladder	https://unspsc.org.ai/Product/FluoroscopyOfBladder	Fluoroscopy of bladder	relatedTo	high	exact
https://napcs.org.ai/Service/Fluoroscopyofbladderusingothercontrast	Fluoroscopy of bladder using other contrast	https://unspsc.org.ai/Product/FluoroscopyOfBladderUsingOtherContrast	Fluoroscopy of bladder using other contrast	relatedTo	high	exact
https://napcs.org.ai/Service/Fluoroscopyofbladderusinglowosmolarcontrast	Fluoroscopy of bladder using low osmolar contrast	https://unspsc.org.ai/Product/FluoroscopyOfBladderUsingLowOsmolarContrast	Fluoroscopy of bladder using low osmolar contrast	relatedTo	high	exact
https://napcs.org.ai/Service/Fluoroscopyofbladderusinghighosmolarcontrast	Fluoroscopy of bladder using high osmolar contrast	https://unspsc.org.ai/Product/FluoroscopyOfBladderUsingHighOsmolarContrast	Fluoroscopy of bladder using high osmolar contrast	relatedTo	high	exact
https://napcs.org.ai/Service/Fluoroscopyofurethra	Fluoroscopy of urethra	https://unspsc.org.ai/Product/FluoroscopyOfUrethra	Fluoroscopy of urethra	relatedTo	high	exact
https://napcs.org.ai/Service/Fluoroscopyofurethrausingothercontrast	Fluoroscopy of urethra using other contrast	https://unspsc.org.ai/Product/FluoroscopyOfUrethraUsingOtherContrast	Fluoroscopy of urethra using other contrast	relatedTo	high	exact
https://napcs.org.ai/Service/Fluoroscopyofurethrausinglowosmolarcontrast	Fluoroscopy of urethra using low osmolar contrast	https://unspsc.org.ai/Product/FluoroscopyOfUrethraUsingLowOsmolarContrast	Fluoroscopy of urethra using low osmolar contrast	relatedTo	high	exact
https://napcs.org.ai/Service/Fluoroscopyofurethrausinghighosmolarcontrast	Fluoroscopy of urethra using high osmolar contrast	https://unspsc.org.ai/Product/FluoroscopyOfUrethraUsingHighOsmolarContrast	Fluoroscopy of urethra using high osmolar contrast	relatedTo	high	exact
https://napcs.org.ai/Service/Plainradiographyofbladder	Plain radiography of bladder	https://unspsc.org.ai/Product/PlainRadiographyOfBladder	Plain radiography of bladder	relatedTo	high	exact
https://napcs.org.ai/Service/Plainradiographyofurethra	Plain radiography of urethra	https://unspsc.org.ai/Product/PlainRadiographyOfUrethra	Plain radiography of urethra	relatedTo	high	exact
https://napcs.org.ai/Service/Plainradiographyofurethrausingothercontrast	Plain radiography of urethra using other contrast	https://unspsc.org.ai/Product/PlainRadiographyOfUrethraUsingOtherContrast	Plain radiography of urethra using other contrast	relatedTo	high	exact
https://napcs.org.ai/Service/Plainradiographyofurethrausinglowosmolarcontrast	Plain radiography of urethra using low osmolar contrast	https://unspsc.org.ai/Product/PlainRadiographyOfUrethraUsingLowOsmolarContrast	Plain radiography of urethra using low osmolar contrast	relatedTo	high	exact
https://napcs.org.ai/Service/Plainradiographyofurethrausinghighosmolarcontrast	Plain radiography of urethra using high osmolar contrast	https://unspsc.org.ai/Product/PlainRadiographyOfUrethraUsingHighOsmolarContrast	Plain radiography of urethra using high osmolar contrast	relatedTo	high	exact
https://napcs.org.ai/Service/Plainradiographyofbladderusingothercontrast	Plain radiography of bladder using other contrast	https://unspsc.org.ai/Product/PlainRadiographyOfBladderUsingOtherContrast	Plain radiography of bladder using other contrast	relatedTo	high	exact
https://napcs.org.ai/Service/Plainradiographyofbladderusinglowosmolarcontrast	Plain radiography of bladder using low osmolar contrast	https://unspsc.org.ai/Product/PlainRadiographyOfBladderUsingLowOsmolarContrast	Plain radiography of bladder using low osmolar contrast	relatedTo	high	exact
https://napcs.org.ai/Service/Plainradiographyofbladderusinghighosmolarcontrast	Plain radiography of bladder using high osmolar contrast	https://unspsc.org.ai/Product/PlainRadiographyOfBladderUsingHighOsmolarContrast	Plain radiography of bladder using high osmolar contrast	relatedTo	high	exact
https://napcs.org.ai/Service/Planarnuclearmedicineimagingofpelvisusingotherradionuclide	Planar nuclear medicine imaging of pelvis using other radionuclide	https://unspsc.org.ai/Product/PlanarNuclearMedicineImagingOfPelvisUsingOtherRadionuclide	Planar nuclear medicine imaging of pelvis using other radionuclide	relatedTo	high	exact
https://napcs.org.ai/Service/Planarnuclearmedicineimagingofspleenusingotherradionuclide	Planar nuclear medicine imaging of spleen using other radionuclide	https://unspsc.org.ai/Product/PlanarNuclearMedicineImagingOfSpleenUsingOtherRadionuclide	Planar nuclear medicine imaging of spleen using other radionuclide	relatedTo	high	exact
https://napcs.org.ai/Service/Nonimagingnuclearmedicineprobeofnecklymphaticsusingotherradionuclide	Nonimaging nuclear medicine probe of neck lymphatics using other radionuclide	https://unspsc.org.ai/Product/NonimagingNuclearMedicineProbeOfNeckLymphaticsUsingOtherRadionuclide	Nonimaging nuclear medicine probe of neck lymphatics using other radionuclide	relatedTo	high	exact
https://napcs.org.ai/Service/Planarnuclearmedicineimagingofnecklymphaticsusingotherradionuclide	Planar nuclear medicine imaging of neck lymphatics using other radionuclide	https://unspsc.org.ai/Product/PlanarNuclearMedicineImagingOfNeckLymphaticsUsingOtherRadionuclide	Planar nuclear medicine imaging of neck lymphatics using other radionuclide	relatedTo	high	exact
https://napcs.org.ai/Service/Nonimagingnuclearmedicineprobeofabdomenusingotherradionuclide	Nonimaging nuclear medicine probe of abdomen using other radionuclide	https://unspsc.org.ai/Product/NonimagingNuclearMedicineProbeOfAbdomenUsingOtherRadionuclide	Nonimaging nuclear medicine probe of abdomen using other radionuclide	relatedTo	high	exact
https://napcs.org.ai/Service/Planarnuclearmedicineimagingofabdomenusingotherradionuclide	Planar nuclear medicine imaging of abdomen using other radionuclide	https://unspsc.org.ai/Product/PlanarNuclearMedicineImagingOfAbdomenUsingOtherRadionuclide	Planar nuclear medicine imaging of abdomen using other radionuclide	relatedTo	high	exact
https://napcs.org.ai/Service/Laserinterstitialthermaltherapyofthyroid	Laser interstitial thermal therapy of thyroid	https://unspsc.org.ai/Product/Thyroid	Thyroid	relatedTo	high	exact
https://napcs.org.ai/Service/Thyroid	thyroid	https://unspsc.org.ai/Product/Thyroid	Thyroid	relatedTo	high	exact
https://napcs.org.ai/Service/Laserinterstitialthermaltherapyofdiaphragm	Laser interstitial thermal therapy of diaphragm	https://unspsc.org.ai/Product/Diaphragms	Diaphragms	relatedTo	high	partial
https://napcs.org.ai/Service/Cochlearimplantrehabilitationtreatmentusingaudiometer	Cochlear implant rehabilitation treatment using audiometer	https://unspsc.org.ai/Product/Audiometers	Audiometers	relatedTo	high	partial
https://napcs.org.ai/Service/Tinnitusmaskerassessment	Tinnitus masker assessment	https://unspsc.org.ai/Product/TinnitusMaskerAssessment	Tinnitus masker assessment	relatedTo	high	exact
https://napcs.org.ai/Service/Dixhallpikedynamicassessment	Dix-hallpike dynamic assessment	https://unspsc.org.ai/Product/DixhallpikeDynamicAssessment	Dix-hallpike dynamic assessment	relatedTo	high	exact
https://napcs.org.ai/Service/Oscillatingtrackingassessment	Oscillating tracking assessment	https://unspsc.org.ai/Product/OscillatingTrackingAssessment	Oscillating tracking assessment	relatedTo	high	exact
https://napcs.org.ai/Service/Unithermalbinauralscreenassessment	Unithermal binaural screen assessment	https://unspsc.org.ai/Product/UnithermalBinauralScreenAssessment	Unithermal binaural screen assessment	relatedTo	high	exact
https://napcs.org.ai/Service/Bithermalmonauralcaloricirrigationassessment	Bithermal, monaural caloric irrigation assessment	https://unspsc.org.ai/Product/BithermalMonauralCaloricIrrigationAssessment	Bithermal, monaural caloric irrigation assessment	relatedTo	high	exact
https://napcs.org.ai/Service/Bithermalbinauralcaloricirrigationassessment	Bithermal, binaural caloric irrigation assessment	https://unspsc.org.ai/Product/BithermalBinauralCaloricIrrigationAssessment	Bithermal, binaural caloric irrigation assessment	relatedTo	high	exact
https://napcs.org.ai/Service/Monauralelectroacoustichearingaidcheckassessment	Monaural electroacoustic hearing aid check assessment	https://unspsc.org.ai/Product/MonauralElectroacousticHearingAidCheckAssessment	Monaural electroacoustic hearing aid check assessment	relatedTo	high	exact
https://napcs.org.ai/Service/Earprotectorattentuationassessment	Ear protector attentuation assessment	https://unspsc.org.ai/Product/EarProtectorAttentuationAssessment	Ear protector attentuation assessment	relatedTo	high	exact
https://napcs.org.ai/Service/Binauralelectroacoustichearingaidcheckassessment	Binaural electroacoustic hearing aid check assessment	https://unspsc.org.ai/Product/BinauralElectroacousticHearingAidCheckAssessment	Binaural electroacoustic hearing aid check assessment	relatedTo	high	exact
https://napcs.org.ai/Service/Sensoryaidsassessment	Sensory aids assessment	https://unspsc.org.ai/Product/SensoryAidsAssessment	Sensory aids assessment	relatedTo	high	exact
https://napcs.org.ai/Service/Audiometer	audiometer	https://unspsc.org.ai/Product/Audiometers	Audiometers	relatedTo	high	partial
https://napcs.org.ai/Service/Assistivelisteningsystemdeviceselectionassessment	Assistive listening system/device selection assessment	https://unspsc.org.ai/Product/AssistiveListeningSystemdeviceSelectionAssessment	Assistive listening system/device selection assessment	relatedTo	high	exact
https://napcs.org.ai/Service/Tympanometer	tympanometer	https://unspsc.org.ai/Product/Tympanometers	Tympanometers	relatedTo	high	partial
https://napcs.org.ai/Service/Binauralhearingaidassessment	Binaural hearing aid assessment	https://unspsc.org.ai/Product/BinauralHearingAidAssessment	Binaural hearing aid assessment	relatedTo	high	exact
https://napcs.org.ai/Service/Monauralhearingaidassessment	Monaural hearing aid assessment	https://unspsc.org.ai/Product/MonauralHearingAidAssessment	Monaural hearing aid assessment	relatedTo	high	exact
https://napcs.org.ai/Service/Earcanalprobemicrophoneassessment	Ear canal probe microphone assessment	https://unspsc.org.ai/Product/EarCanalProbeMicrophoneAssessment	Ear canal probe microphone assessment	relatedTo	high	exact
https://napcs.org.ai/Service/Cochlearimplantassessment	Cochlear implant assessment	https://unspsc.org.ai/Product/CochlearImplantAssessment	Cochlear implant assessment	relatedTo	high	exact
https://napcs.org.ai/Service/Sinusoidalverticalaxisrotationalassessment	Sinusoidal vertical axis rotational assessment	https://unspsc.org.ai/Product/SinusoidalVerticalAxisRotationalAssessment	Sinusoidal vertical axis rotational assessment	relatedTo	high	exact
https://napcs.org.ai/Service/Shortincrementsensitivityindexassessment	Short increment sensitivity index assessment	https://unspsc.org.ai/Product/ShortIncrementSensitivityIndexAssessment	Short increment sensitivity index assessment	relatedTo	high	exact
https://napcs.org.ai/Service/Auralrehabilitationstatusassessment	Aural rehabilitation status assessment	https://unspsc.org.ai/Product/AuralRehabilitationStatusAssessment	Aural rehabilitation status assessment	relatedTo	high	exact
https://napcs.org.ai/Service/Evokedotoacousticemissionsdiagnosticassessment	Evoked otoacoustic emissions, diagnostic assessment	https://unspsc.org.ai/Product/EvokedOtoacousticEmissionsDiagnosticAssessment	Evoked otoacoustic emissions, diagnostic assessment	relatedTo	high	exact
https://napcs.org.ai/Service/Evokedotoacousticemissionsscreeningassessment	Evoked otoacoustic emissions, screening assessment	https://unspsc.org.ai/Product/EvokedOtoacousticEmissionsScreeningAssessment	Evoked otoacoustic emissions, screening assessment	relatedTo	high	exact
https://napcs.org.ai/Service/Auditoryevokedpotentialsassessment	Auditory evoked potentials assessment	https://unspsc.org.ai/Product/AuditoryEvokedPotentialsAssessment	Auditory evoked potentials assessment	relatedTo	high	exact
https://napcs.org.ai/Service/Electrocochleographyassessment	Electrocochleography assessment	https://unspsc.org.ai/Product/ElectrocochleographyAssessment	Electrocochleography assessment	relatedTo	high	exact
https://napcs.org.ai/Service/Acousticreflexdecayassessment	Acoustic reflex decay assessment	https://unspsc.org.ai/Product/AcousticReflexDecayAssessment	Acoustic reflex decay assessment	relatedTo	high	exact
https://napcs.org.ai/Service/Acousticreflexthresholdassessment	Acoustic reflex threshold assessment	https://unspsc.org.ai/Product/AcousticReflexThresholdAssessment	Acoustic reflex threshold assessment	relatedTo	high	exact
https://napcs.org.ai/Service/Acousticreflexpatternsassessment	Acoustic reflex patterns assessment	https://unspsc.org.ai/Product/AcousticReflexPatternsAssessment	Acoustic reflex patterns assessment	relatedTo	high	exact
https://napcs.org.ai/Service/Eustachiantubefunctionassessment	Eustachian tube function assessment	https://unspsc.org.ai/Product/EustachianTubeFunctionAssessment	Eustachian tube function assessment	relatedTo	high	exact
https://napcs.org.ai/Service/Tympanometryassessment	Tympanometry assessment	https://unspsc.org.ai/Product/TympanometryAssessment	Tympanometry assessment	relatedTo	high	exact
https://napcs.org.ai/Service/Puretonestengerassessment	Pure tone stenger assessment	https://unspsc.org.ai/Product/PureToneStengerAssessment	Pure tone stenger assessment	relatedTo	high	exact
https://napcs.org.ai/Service/Stengerassessment	Stenger assessment	https://unspsc.org.ai/Product/StengerAssessment	Stenger assessment	relatedTo	high	exact
https://napcs.org.ai/Service/Tonedecayassessment	Tone decay assessment	https://unspsc.org.ai/Product/ToneDecayAssessment	Tone decay assessment	relatedTo	high	exact
https://napcs.org.ai/Service/Alternatebinauralormonauralloudnessbalanceassessment	Alternate binaural or monaural loudness balance assessment	https://unspsc.org.ai/Product/AlternateBinauralOrMonauralLoudnessBalanceAssessment	Alternate binaural or monaural loudness balance assessment	relatedTo	high	exact
https://napcs.org.ai/Service/Visualreinforcementaudiometryassessment	Visual reinforcement audiometry assessment	https://unspsc.org.ai/Product/VisualReinforcementAudiometryAssessment	Visual reinforcement audiometry assessment	relatedTo	high	exact
https://napcs.org.ai/Service/Selectpictureaudiometryassessment	Select picture audiometry assessment	https://unspsc.org.ai/Product/SelectPictureAudiometryAssessment	Select picture audiometry assessment	relatedTo	high	exact
https://napcs.org.ai/Service/Conditionedplayaudiometryassessment	Conditioned play audiometry assessment	https://unspsc.org.ai/Product/ConditionedPlayAudiometryAssessment	Conditioned play audiometry assessment	relatedTo	high	exact
https://napcs.org.ai/Service/Bekesyaudiometryassessment	Bekesy audiometry assessment	https://unspsc.org.ai/Product/BekesyAudiometryAssessment	Bekesy audiometry assessment	relatedTo	high	exact
https://napcs.org.ai/Service/Puretoneaudiometryairandboneassessment	Pure tone audiometry, air and bone assessment	https://unspsc.org.ai/Product/PureToneAudiometryAirAndBoneAssessment	Pure tone audiometry, air and bone assessment	relatedTo	high	exact
https://napcs.org.ai/Service/Puretoneaudiometryairassessment	Pure tone audiometry, air assessment	https://unspsc.org.ai/Product/PureToneAudiometryAirAssessment	Pure tone audiometry, air assessment	relatedTo	high	exact
https://napcs.org.ai/Service/Hearingscreeningassessment	Hearing screening assessment	https://unspsc.org.ai/Product/HearingScreeningAssessment	Hearing screening assessment	relatedTo	high	exact
https://napcs.org.ai/Service/Wheelchairmobilityassessment	Wheelchair mobility assessment	https://unspsc.org.ai/Product/WheelchairMobilityAssessment	Wheelchair mobility assessment	relatedTo	high	exact
https://napcs.org.ai/Service/Prosthesis	prosthesis	https://unspsc.org.ai/Product/Prosthesis	Prosthesis	relatedTo	high	exact
https://napcs.org.ai/Service/Gaitandorbalanceassessment	Gait and/or balance assessment	https://unspsc.org.ai/Product/GaitAndorBalanceAssessment	Gait and/or balance assessment	relatedTo	high	exact
https://napcs.org.ai/Service/Transferassessment	Transfer assessment	https://unspsc.org.ai/Product/TransferAssessment	Transfer assessment	relatedTo	high	exact
https://napcs.org.ai/Service/Bedmobilityassessment	Bed mobility assessment	https://unspsc.org.ai/Product/BedMobilityAssessment	Bed mobility assessment	relatedTo	high	exact
https://napcs.org.ai/Service/Visualmotorintegrationassessment	Visual motor integration assessment	https://unspsc.org.ai/Product/VisualMotorIntegrationAssessment	Visual motor integration assessment	relatedTo	high	exact
https://napcs.org.ai/Service/Assistiveadaptivesupportiveorprotectivedevicesdevicefitting	Assistive, adaptive, supportive or protective devices device fitting	https://unspsc.org.ai/Product/AssistiveAdaptiveSupportiveOrProtectiveDevicesDeviceFitting	Assistive, adaptive, supportive or protective devices device fitting	relatedTo	high	exact
https://napcs.org.ai/Service/Prosthesisdevicefitting	Prosthesis device fitting	https://unspsc.org.ai/Product/ProsthesisDeviceFitting	Prosthesis device fitting	relatedTo	high	exact
https://napcs.org.ai/Service/Staticorthosisdevicefitting	Static orthosis device fitting	https://unspsc.org.ai/Product/StaticOrthosisDeviceFitting	Static orthosis device fitting	relatedTo	high	exact
https://napcs.org.ai/Service/Dynamicorthosisdevicefitting	Dynamic orthosis device fitting	https://unspsc.org.ai/Product/DynamicOrthosisDeviceFitting	Dynamic orthosis device fitting	relatedTo	high	exact
https://napcs.org.ai/Service/Assistivelisteningdevicedevicefitting	Assistive listening device device fitting	https://unspsc.org.ai/Product/AssistiveListeningDeviceDeviceFitting	Assistive listening device device fitting	relatedTo	high	exact
https://napcs.org.ai/Service/Binauralhearingaiddevicefitting	Binaural hearing aid device fitting	https://unspsc.org.ai/Product/BinauralHearingAidDeviceFitting	Binaural hearing aid device fitting	relatedTo	high	exact
https://napcs.org.ai/Service/Monauralhearingaiddevicefitting	Monaural hearing aid device fitting	https://unspsc.org.ai/Product/MonauralHearingAidDeviceFitting	Monaural hearing aid device fitting	relatedTo	high	exact
https://napcs.org.ai/Service/Tinnitusmaskerdevicefitting	Tinnitus masker device fitting	https://unspsc.org.ai/Product/TinnitusMaskerDeviceFitting	Tinnitus masker device fitting	relatedTo	high	exact
https://napcs.org.ai/Service/Receptiveexpressivelanguageassessment	Receptive/expressive language assessment	https://unspsc.org.ai/Product/ReceptiveexpressiveLanguageAssessment	Receptive/expressive language assessment	relatedTo	high	exact
https://napcs.org.ai/Service/Nonspokenlanguageassessment	Nonspoken language assessment	https://unspsc.org.ai/Product/NonspokenLanguageAssessment	Nonspoken language assessment	relatedTo	high	exact
https://napcs.org.ai/Service/Sensorineuralacuitylevelassessment	Sensorineural acuity level assessment	https://unspsc.org.ai/Product/SensorineuralAcuityLevelAssessment	Sensorineural acuity level assessment	relatedTo	high	exact
https://napcs.org.ai/Service/Maskingpatternsassessment	Masking patterns assessment	https://unspsc.org.ai/Product/MaskingPatternsAssessment	Masking patterns assessment	relatedTo	high	exact
https://napcs.org.ai/Service/Dichoticstimuliassessment	Dichotic stimuli assessment	https://unspsc.org.ai/Product/DichoticStimuliAssessment	Dichotic stimuli assessment	relatedTo	high	exact
https://napcs.org.ai/Service/Brieftonestimuliassessment	Brief tone stimuli assessment	https://unspsc.org.ai/Product/BriefToneStimuliAssessment	Brief tone stimuli assessment	relatedTo	high	exact
https://napcs.org.ai/Service/Staggeredspondaicwordassessment	Staggered spondaic word assessment	https://unspsc.org.ai/Product/StaggeredSpondaicWordAssessment	Staggered spondaic word assessment	relatedTo	high	exact
https://napcs.org.ai/Service/Distortedspeechassessment	Distorted speech assessment	https://unspsc.org.ai/Product/DistortedSpeechAssessment	Distorted speech assessment	relatedTo	high	exact
https://napcs.org.ai/Service/Performanceintensityphoneticallybalancedspeechdiscriminationassessment	Performance intensity phonetically balanced speech discrimination assessment	https://unspsc.org.ai/Product/PerformanceIntensityPhoneticallyBalancedSpeechDiscriminationAssessment	Performance intensity phonetically balanced speech discrimination assessment	relatedTo	high	exact
https://napcs.org.ai/Service/Oralperipheralmechanismassessment	Oral peripheral mechanism assessment	https://unspsc.org.ai/Product/OralPeripheralMechanismAssessment	Oral peripheral mechanism assessment	relatedTo	high	exact
https://napcs.org.ai/Service/Voiceprostheticassessment	Voice prosthetic assessment	https://unspsc.org.ai/Product/VoiceProstheticAssessment	Voice prosthetic assessment	relatedTo	high	exact
https://napcs.org.ai/Service/Augmentativealternativecommunicationsystemassessment	Augmentative/alternative communication system assessment	https://unspsc.org.ai/Product/AugmentativealternativeCommunicationSystemAssessment	Augmentative/alternative communication system assessment	relatedTo	high	exact
https://napcs.org.ai/Service/Orofacialmyofunctionalassessment	Orofacial myofunctional assessment	https://unspsc.org.ai/Product/OrofacialMyofunctionalAssessment	Orofacial myofunctional assessment	relatedTo	high	exact
https://napcs.org.ai/Service/Bedsideswallowingandoralfunctionassessment	Bedside swallowing and oral function assessment	https://unspsc.org.ai/Product/BedsideSwallowingAndOralFunctionAssessment	Bedside swallowing and oral function assessment	relatedTo	high	exact
https://napcs.org.ai/Service/Communicativecognitiveintegrationskillsassessment	Communicative/cognitive integration skills assessment	https://unspsc.org.ai/Product/CommunicativecognitiveIntegrationSkillsAssessment	Communicative/cognitive integration skills assessment	relatedTo	high	exact
https://napcs.org.ai/Service/Voiceassessment	Voice assessment	https://unspsc.org.ai/Product/VoiceAssessment	Voice assessment	relatedTo	high	exact
https://napcs.org.ai/Service/Fluencyassessment	Fluency assessment	https://unspsc.org.ai/Product/FluencyAssessment	Fluency assessment	relatedTo	high	exact
https://napcs.org.ai/Service/Aphasiaassessment	Aphasia assessment	https://unspsc.org.ai/Product/AphasiaAssessment	Aphasia assessment	relatedTo	high	exact
https://napcs.org.ai/Service/Motorspeechassessment	Motor speech assessment	https://unspsc.org.ai/Product/MotorSpeechAssessment	Motor speech assessment	relatedTo	high	exact
https://napcs.org.ai/Service/Articulationphonologyassessment	Articulation/phonology assessment	https://unspsc.org.ai/Product/ArticulationphonologyAssessment	Articulation/phonology assessment	relatedTo	high	exact
https://napcs.org.ai/Service/Speechandorlanguagescreeningassessment	Speech and/or language screening assessment	https://unspsc.org.ai/Product/SpeechAndorLanguageScreeningAssessment	Speech and/or language screening assessment	relatedTo	high	exact
https://napcs.org.ai/Service/Speechwordrecognitionassessment	Speech/word recognition assessment	https://unspsc.org.ai/Product/SpeechwordRecognitionAssessment	Speech/word recognition assessment	relatedTo	high	exact
https://napcs.org.ai/Service/Speechthresholdassessment	Speech threshold assessment	https://unspsc.org.ai/Product/SpeechThresholdAssessment	Speech threshold assessment	relatedTo	high	exact
https://napcs.org.ai/Service/Filteredspeechassessment	Filtered speech assessment	https://unspsc.org.ai/Product/FilteredSpeechAssessment	Filtered speech assessment	relatedTo	high	exact
https://napcs.org.ai/Service/Computerizeddynamicposturographyassessment	Computerized dynamic posturography assessment	https://unspsc.org.ai/Product/ComputerizedDynamicPosturographyAssessment	Computerized dynamic posturography assessment	relatedTo	high	exact
https://napcs.org.ai/Service/Painassessment	Pain assessment	https://unspsc.org.ai/Product/PainAssessment	Pain assessment	relatedTo	high	exact
https://napcs.org.ai/Service/Vocationalactivitiesandfunctionalcommunityorworkreintegrationskillsassessment	Vocational activities and functional community or work reintegration skills assessment	https://unspsc.org.ai/Product/VocationalActivitiesAndFunctionalCommunityOrWorkReintegrationSkillsAssessment	Vocational activities and functional community or work reintegration skills assessment	relatedTo	high	exact
https://napcs.org.ai/Service/Environmentalhomeandworkbarriersassessment	Environmental, home and work barriers assessment	https://unspsc.org.ai/Product/EnvironmentalHomeAndWorkBarriersAssessment	Environmental, home and work barriers assessment	relatedTo	high	exact
https://napcs.org.ai/Service/Homemanagementassessmentusingprosthesis	Home management assessment using prosthesis	https://unspsc.org.ai/Product/Prosthesis	Prosthesis	relatedTo	high	exact
https://napcs.org.ai/Service/Groomingpersonalhygieneassessment	Grooming/personal hygiene assessment	https://unspsc.org.ai/Product/GroomingpersonalHygieneAssessment	Grooming/personal hygiene assessment	relatedTo	high	exact
https://napcs.org.ai/Service/Feedingeatingassessment	Feeding/eating assessment	https://unspsc.org.ai/Product/FeedingeatingAssessment	Feeding/eating assessment	relatedTo	high	exact
https://napcs.org.ai/Service/Dressingassessment	Dressing assessment	https://unspsc.org.ai/Product/DressingAssessment	Dressing assessment	relatedTo	high	exact
https://napcs.org.ai/Service/Bathingshoweringassessment	Bathing/showering assessment	https://unspsc.org.ai/Product/BathingshoweringAssessment	Bathing/showering assessment	relatedTo	high	exact
https://napcs.org.ai/Service/Ergonomicsandbodymechanicsassessment	Ergonomics and body mechanics assessment	https://unspsc.org.ai/Product/ErgonomicsAndBodyMechanicsAssessment	Ergonomics and body mechanics assessment	relatedTo	high	exact
https://napcs.org.ai/Service/Anthropometriccharacteristicsassessment	Anthropometric characteristics assessment	https://unspsc.org.ai/Product/AnthropometricCharacteristicsAssessment	Anthropometric characteristics assessment	relatedTo	high	exact
https://napcs.org.ai/Service/Vocationalactivitiesusingprosthesis	Vocational activities using prosthesis	https://unspsc.org.ai/Product/Prosthesis	Prosthesis	relatedTo	high	exact
https://napcs.org.ai/Service/Functionalcommunityusingprosthesis	functional community using prosthesis	https://unspsc.org.ai/Product/Prosthesis	Prosthesis	relatedTo	high	exact
https://napcs.org.ai/Service/Workreintegrationskillstreatmentusingprosthesis	work reintegration skills treatment using prosthesis	https://unspsc.org.ai/Product/Prosthesis	Prosthesis	relatedTo	high	exact
https://napcs.org.ai/Service/Homemanagementtreatmentusingprosthesis	Home management treatment using prosthesis	https://unspsc.org.ai/Product/Prosthesis	Prosthesis	relatedTo	high	exact
https://napcs.org.ai/Service/Feedingeatingtreatmentusingprosthesis	Feeding/eating treatment using prosthesis	https://unspsc.org.ai/Product/Prosthesis	Prosthesis	relatedTo	high	exact
https://napcs.org.ai/Service/Groomingpersonalhygienetreatmentusingprosthesis	Grooming/personal hygiene treatment using prosthesis	https://unspsc.org.ai/Product/Prosthesis	Prosthesis	relatedTo	high	exact
https://napcs.org.ai/Service/Dressingtechniquestreatmentusingprosthesis	Dressing techniques treatment using prosthesis	https://unspsc.org.ai/Product/Prosthesis	Prosthesis	relatedTo	high	exact
https://napcs.org.ai/Service/Bathingshoweringtechniquestreatmentusingprosthesis	Bathing/showering techniques treatment using prosthesis	https://unspsc.org.ai/Product/Prosthesis	Prosthesis	relatedTo	high	exact
https://napcs.org.ai/Service/Caregivertraininginapplicationproperuseofprosthesis	Caregiver training in application, proper use of prosthesis	https://unspsc.org.ai/Product/Prosthesis	Prosthesis	relatedTo	high	exact
https://napcs.org.ai/Service/Careofprosthesis	care of prosthesis	https://unspsc.org.ai/Product/Prosthesis	Prosthesis	relatedTo	high	exact
https://napcs.org.ai/Service/Gaittrainingfunctionalambulationtreatmentusingprosthesis	Gait training/functional ambulation treatment using prosthesis	https://unspsc.org.ai/Product/Prosthesis	Prosthesis	relatedTo	high	exact
https://napcs.org.ai/Service/Transfertrainingtreatmentusingprosthesis	Transfer training treatment using prosthesis	https://unspsc.org.ai/Product/Prosthesis	Prosthesis	relatedTo	high	exact
https://napcs.org.ai/Service/Bedmobilitytreatmentusingprosthesis	Bed mobility treatment using prosthesis	https://unspsc.org.ai/Product/Prosthesis	Prosthesis	relatedTo	high	exact
https://napcs.org.ai/Service/Wheelchairmobilitytreatmentusingprosthesis	Wheelchair mobility treatment using prosthesis	https://unspsc.org.ai/Product/Prosthesis	Prosthesis	relatedTo	high	exact
https://napcs.org.ai/Service/Tradeprojections	trade projections	https://unspsc.org.ai/Product/TradeProjections	Trade projections	relatedTo	high	exact